produto_id,data,estoque_fechado,estoque_aberto,estoque_total,abaixo_minimo
1,2026-01-25,4.0,0.556,4.556,False
1,2026-01-26,4.0,0.376,4.376,False
1,2026-01-27,4.0,0.134,4.134,False
1,2026-01-28,3.0,0.978,3.978,False
1,2026-01-29,3.0,0.796,3.796,False
1,2026-01-30,3.0,0.552,3.552,False
1,2026-01-31,3.0,0.218,3.218,False
1,2026-02-01,2.0,0.86,2.86,False
1,2026-02-02,2.0,0.55,2.55,False
1,2026-02-03,2.0,0.37,2.37,False
1,2026-02-04,2.0,0.096,2.096,False
1,2026-02-05,1.0,0.872,1.872,False
1,2026-02-06,1.0,0.654,1.654,False
1,2026-02-07,1.0,0.256,1.256,True
1,2026-02-08,0.0,0.926,0.926,True
1,2026-02-09,0.0,0.794,0.794,True
1,2026-02-10,0.0,0.684,0.684,True
1,2026-02-11,0.0,0.516,0.516,True
1,2026-02-12,0.0,0.282,0.282,True
1,2026-02-13,0.0,0.008,0.008,True
1,2026-02-14,4.0,0.642,4.642,False
1,2026-02-15,4.0,0.334,4.334,False
1,2026-02-16,4.0,0.194,4.194,False
1,2026-02-17,3.0,0.964,3.964,False
1,2026-02-18,3.0,0.738,3.738,False
1,2026-02-19,3.0,0.504,3.504,False
1,2026-02-20,3.0,0.252,3.252,False
1,2026-02-21,2.0,0.916,2.916,False
1,2026-02-22,2.0,0.586,2.586,False
1,2026-02-23,2.0,0.344,2.344,False
1,2026-02-24,2.0,0.216,2.216,False
1,2026-02-25,1.0,1.074,2.074,False
1,2026-02-26,1.0,0.746,1.746,False
1,2026-02-27,1.0,0.518,1.518,False
1,2026-02-28,1.0,0.124,1.124,True
1,2026-03-01,0.0,0.832,0.832,True
1,2026-03-02,0.0,0.618,0.618,True
1,2026-03-03,0.0,0.404,0.404,True
1,2026-03-04,0.0,0.15,0.15,True
1,2026-03-05,4.0,0.978,4.978,False
1,2026-03-06,4.0,0.82,4.82,False
1,2026-03-07,4.0,0.254,4.254,False
1,2026-03-08,3.0,0.846,3.846,False
1,2026-03-09,3.0,0.698,3.698,False
1,2026-03-10,3.0,0.476,3.476,False
1,2026-03-11,3.0,0.252,3.252,False
1,2026-03-12,2.0,0.934,2.934,False
1,2026-03-13,2.0,0.596,2.596,False
1,2026-03-14,2.0,0.112,2.112,False
1,2026-03-15,1.0,0.644,1.644,False
1,2026-03-16,1.0,0.452,1.452,True
1,2026-03-17,1.0,0.316,1.316,True
1,2026-03-18,1.0,0.164,1.164,True
1,2026-03-19,0.0,0.93,0.93,True
1,2026-03-20,0.0,0.634,0.634,True
1,2026-03-21,0.0,0.23,0.23,True
1,2026-03-22,4.0,0.882,4.882,False
1,2026-03-23,4.0,0.524,4.524,False
1,2026-03-24,4.0,0.3,4.3,False
1,2026-03-25,4.0,0.044,4.044,False
1,2026-03-26,3.0,0.706,3.706,False
1,2026-03-27,3.0,0.376,3.376,False
1,2026-03-28,3.0,0.058,3.058,False
1,2026-03-29,2.0,0.708,2.708,False
1,2026-03-30,2.0,0.522,2.522,False
1,2026-03-31,2.0,0.408,2.408,False
1,2026-04-01,2.0,0.204,2.204,False
1,2026-04-02,1.0,0.788,1.788,False
1,2026-04-03,1.0,0.554,1.554,False
1,2026-04-04,0.0,0.974,0.974,True
1,2026-04-05,0.0,0.604,0.604,True
1,2026-04-06,0.0,0.328,0.328,True
1,2026-04-07,0.0,0.118,0.118,True
1,2026-04-08,4.0,0.74,4.74,False
1,2026-04-09,4.0,0.342,4.342,False
1,2026-04-10,3.0,0.884,3.884,False
1,2026-04-11,3.0,0.402,3.402,False
1,2026-04-12,2.0,0.904,2.904,False
1,2026-04-13,2.0,0.526,2.526,False
1,2026-04-14,2.0,0.304,2.304,False
1,2026-04-15,2.0,0.094,2.094,False
1,2026-04-16,1.0,0.722,1.722,False
1,2026-04-17,1.0,0.348,1.348,True
1,2026-04-18,0.0,0.954,0.954,True
1,2026-04-19,0.0,0.524,0.524,True
1,2026-04-20,0.0,0.364,0.364,True
1,2026-04-21,0.0,0.05,0.05,True
1,2026-04-22,4.0,0.82,4.82,False
1,2026-04-23,4.0,0.34,4.34,False
1,2026-04-24,4.0,0.1,4.1,False
1,2026-04-25,3.0,0.414,3.414,False
1,2026-04-26,2.0,0.94,2.94,False
1,2026-04-27,2.0,0.728,2.728,False
1,2026-04-28,2.0,0.496,2.496,False
1,2026-04-29,2.0,0.294,2.294,False
1,2026-04-30,1.0,0.918,1.918,False
1,2026-05-01,1.0,0.53,1.53,False
1,2026-05-02,0.0,0.824,0.824,True
1,2026-05-03,0.0,0.29,0.29,True
1,2026-05-04,4.0,0.926,4.926,False
1,2026-05-05,4.0,0.926,4.926,False
1,2026-05-06,4.0,0.926,4.926,False
1,2026-05-07,4.0,0.926,4.926,False
1,2026-05-08,4.0,0.926,4.926,False
1,2026-05-09,4.0,0.926,4.926,False
1,2026-05-10,3.0,0.49,3.49,False
1,2026-05-11,3.0,0.182,3.182,False
1,2026-05-12,2.0,0.854,2.854,False
1,2026-05-13,2.0,0.582,2.582,False
1,2026-05-14,2.0,0.224,2.224,False
1,2026-05-15,1.0,0.7,1.7,False
1,2026-05-16,1.0,0.344,1.344,True
1,2026-05-17,0.0,0.934,0.934,True
1,2026-05-18,0.0,0.636,0.636,True
1,2026-05-19,0.0,0.332,0.332,True
1,2026-05-20,0.0,0.094,0.094,True
1,2026-05-21,4.0,0.808,4.808,False
1,2026-05-22,4.0,0.472,4.472,False
1,2026-05-23,4.0,0.124,4.124,False
1,2026-05-24,3.0,0.672,3.672,False
1,2026-05-25,3.0,0.398,3.398,False
1,2026-05-26,3.0,0.228,3.228,False
1,2026-05-27,2.0,0.996,2.996,False
1,2026-05-28,2.0,0.616,2.616,False
1,2026-05-29,2.0,0.242,2.242,False
1,2026-05-30,1.0,0.708,1.708,False
1,2026-05-31,1.0,0.196,1.196,True
1,2026-06-01,0.0,0.784,0.784,True
1,2026-06-02,0.0,0.336,0.336,True
1,2026-06-03,4.0,0.928,4.928,False
1,2026-06-04,4.0,0.548,4.548,False
1,2026-06-05,4.0,0.032,4.032,False
1,2026-06-06,3.0,0.398,3.398,False
1,2026-06-07,3.0,0.02,3.02,False
1,2026-06-08,2.0,0.654,2.654,False
1,2026-06-09,2.0,0.376,2.376,False
1,2026-06-10,2.0,0.02,2.02,False
1,2026-06-11,1.0,0.626,1.626,False
1,2026-06-12,1.0,0.056,1.056,True
1,2026-06-13,0.0,0.418,0.418,True
1,2026-06-14,4.0,0.756,4.756,False
1,2026-06-15,4.0,0.312,4.312,False
1,2026-06-16,4.0,0.044,4.044,False
1,2026-06-17,3.0,0.632,3.632,False
1,2026-06-18,3.0,0.028,3.028,False
1,2026-06-19,2.0,0.592,2.592,False
1,2026-06-20,2.0,0.122,2.122,False
1,2026-06-21,1.0,0.468,1.468,True
1,2026-06-22,0.0,0.94,0.94,True
1,2026-06-23,0.0,0.46,0.46,True
1,2026-06-24,0.0,0.19,0.19,True
1,2026-06-25,4.0,0.78,4.78,False
1,2026-06-26,4.0,0.292,4.292,False
1,2026-06-27,3.0,0.476,3.476,False
1,2026-06-28,2.0,0.836,2.836,False
1,2026-06-29,2.0,0.574,2.574,False
1,2026-06-30,2.0,0.19,2.19,False
1,2026-07-01,1.0,0.97,1.97,False
1,2026-07-02,1.0,0.534,1.534,False
1,2026-07-03,0.0,0.958,0.958,True
1,2026-07-04,0.0,0.338,0.338,True
1,2026-07-05,4.0,0.706,4.706,False
1,2026-07-06,4.0,0.322,4.322,False
1,2026-07-07,4.0,0.098,4.098,False
1,2026-07-08,3.0,0.698,3.698,False
1,2026-07-09,3.0,0.23,3.23,False
1,2026-07-10,2.0,0.726,2.726,False
1,2026-07-11,1.0,0.858,1.858,False
1,2026-07-12,1.0,0.196,1.196,True
1,2026-07-13,0.0,0.944,0.944,True
1,2026-07-14,0.0,0.498,0.498,True
1,2026-07-15,0.0,0.204,0.204,True
1,2026-07-16,4.0,0.704,4.704,False
1,2026-07-17,4.0,0.086,4.086,False
1,2026-07-18,3.0,0.324,3.324,False
1,2026-07-19,2.0,0.688,2.688,False
1,2026-07-20,2.0,0.412,2.412,False
1,2026-07-21,2.0,0.058,2.058,False
1,2026-07-22,0.0,0.768,0.768,True
1,2026-07-23,0.0,0.292,0.292,True
2,2026-01-25,14.0,1.63,15.63,False
2,2026-01-26,12.0,1.86,13.86,False
2,2026-01-27,10.0,1.63,11.63,False
2,2026-01-28,8.0,1.97,9.97,False
2,2026-01-29,8.0,0.45,8.45,False
2,2026-01-30,4.0,1.91,5.91,True
2,2026-01-31,2.0,0.79,2.79,True
2,2026-02-01,18.0,1.32,19.32,False
2,2026-02-02,14.0,1.77,15.77,False
2,2026-02-03,14.0,0.29,14.29,False
2,2026-02-04,10.0,2.02,12.02,False
2,2026-02-05,8.0,1.67,9.67,False
2,2026-02-06,6.0,1.29,7.29,True
2,2026-02-07,2.0,1.334,3.334,True
2,2026-02-08,18.0,2.094,20.094,False
2,2026-02-09,18.0,0.704,18.704,False
2,2026-02-10,16.0,1.484,17.484,False
2,2026-02-11,14.0,1.813,15.813,False
2,2026-02-12,12.0,1.163,13.163,False
2,2026-02-13,10.0,0.723,10.723,False
2,2026-02-14,6.0,0.653,6.653,True
2,2026-02-15,2.0,1.843,3.843,True
2,2026-02-16,2.0,0.603,2.603,True
2,2026-02-17,0.0,0.483,0.483,True
2,2026-02-18,18.0,0.293,18.293,False
2,2026-02-19,14.0,2.093,16.093,False
2,2026-02-20,12.0,1.923,13.923,False
2,2026-02-21,10.0,1.133,11.133,False
2,2026-02-22,8.0,0.353,8.353,False
2,2026-02-23,4.0,1.973,5.973,True
2,2026-02-24,4.0,0.713,4.713,True
2,2026-02-25,2.0,1.353,3.353,True
2,2026-02-26,18.0,1.793,19.793,False
2,2026-02-27,16.0,1.543,17.543,False
2,2026-02-28,12.0,2.133,14.133,False
2,2026-03-01,10.0,1.613,11.613,False
2,2026-03-02,8.0,1.563,9.563,False
2,2026-03-03,6.0,1.513,7.513,True
2,2026-03-04,4.0,1.163,5.163,True
2,2026-03-05,2.0,1.303,3.303,True
2,2026-03-06,0.0,1.743,1.743,True
2,2026-03-07,16.0,0.243,16.243,False
2,2026-03-08,12.0,0.133,12.133,False
2,2026-03-09,10.0,0.753,10.753,False
2,2026-03-10,8.0,0.483,8.483,False
2,2026-03-11,6.0,0.473,6.473,True
2,2026-03-12,2.0,1.203,3.203,True
2,2026-03-13,18.0,1.963,19.963,False
2,2026-03-14,14.0,1.203,15.203,False
2,2026-03-15,10.0,0.893,10.893,False
2,2026-03-16,8.0,0.723,8.723,False
2,2026-03-17,6.0,1.453,7.453,True
2,2026-03-18,6.0,0.343,6.343,True
2,2026-03-19,2.0,1.913,3.913,True
2,2026-03-20,0.0,1.293,1.293,True
2,2026-03-21,16.0,1.073,17.073,False
2,2026-03-22,12.0,1.983,13.983,False
2,2026-03-23,10.0,0.363,10.363,False
2,2026-03-24,8.0,0.393,8.393,False
2,2026-03-25,4.0,1.713,5.713,True
2,2026-03-26,2.0,0.203,2.203,True
2,2026-03-27,18.0,1.163,19.163,False
2,2026-03-28,14.0,1.893,15.893,False
2,2026-03-29,12.0,0.473,12.473,False
2,2026-03-30,10.0,0.103,10.103,False
2,2026-03-31,8.0,1.133,9.133,False
2,2026-04-01,6.0,1.023,7.023,True
2,2026-04-02,2.0,1.033,3.033,True
2,2026-04-03,0.0,1.003,1.003,True
2,2026-04-04,14.0,1.443,15.443,False
2,2026-04-05,12.0,0.143,12.143,False
2,2026-04-06,8.0,1.103,9.103,False
2,2026-04-07,6.0,1.553,7.553,True
2,2026-04-08,2.0,1.833,3.833,True
2,2026-04-09,18.0,1.743,19.743,False
2,2026-04-10,18.0,0.093,18.093,False
2,2026-04-11,12.0,1.413,13.413,False
2,2026-04-12,8.0,0.393,8.393,False
2,2026-04-13,4.0,1.013,5.013,True
2,2026-04-14,2.0,0.783,2.783,True
2,2026-04-15,0.0,0.753,0.753,True
2,2026-04-16,16.0,1.283,17.283,False
2,2026-04-17,12.0,1.323,13.323,False
2,2026-04-18,8.0,1.253,9.253,False
2,2026-04-19,4.0,1.253,5.253,True
2,2026-04-20,2.0,1.923,3.923,True
2,2026-04-21,0.0,0.763,0.763,True
2,2026-04-22,18.0,0.873,18.873,False
2,2026-04-23,14.0,0.083,14.083,False
2,2026-04-24,10.0,1.713,11.713,False
2,2026-04-25,2.0,1.493,3.493,True
2,2026-04-26,18.0,1.573,19.573,False
2,2026-04-27,16.0,2.033,18.033,False
2,2026-04-28,14.0,1.593,15.593,False
2,2026-04-29,12.0,1.403,13.403,False
2,2026-04-30,8.0,1.873,9.873,False
2,2026-05-01,4.0,2.133,6.133,True
2,2026-05-02,18.0,1.203,19.203,False
2,2026-05-03,12.0,1.973,13.973,False
2,2026-05-04,10.0,0.343,10.343,False
2,2026-05-05,10.0,0.343,10.343,False
2,2026-05-06,10.0,0.343,10.343,False
2,2026-05-07,10.0,0.343,10.343,False
2,2026-05-08,10.0,0.343,10.343,False
2,2026-05-09,10.0,0.343,10.343,False
2,2026-05-10,6.0,0.32,6.32,True
2,2026-05-11,4.0,0.11,4.11,True
2,2026-05-12,0.0,0.73,0.73,True
2,2026-05-13,16.0,1.87,17.87,False
2,2026-05-14,12.0,2.1,14.1,False
2,2026-05-15,8.0,1.35,9.35,False
2,2026-05-16,4.0,1.45,5.45,True
2,2026-05-17,0.0,1.2,1.2,True
2,2026-05-18,16.0,2.01,18.01,False
2,2026-05-19,14.0,1.08,15.08,False
2,2026-05-20,12.0,0.78,12.78,False
2,2026-05-21,10.0,0.13,10.13,False
2,2026-05-22,6.0,0.86,6.86,True
2,2026-05-23,2.0,1.16,3.16,True
2,2026-05-24,18.0,0.57,18.57,False
2,2026-05-25,14.0,1.93,15.93,False
2,2026-05-26,14.0,0.33,14.33,False
2,2026-05-27,12.0,0.62,12.62,False
2,2026-05-28,8.0,0.9,8.9,False
2,2026-05-29,4.0,1.2,5.2,True
2,2026-05-30,0.0,0.65,0.65,True
2,2026-05-31,14.0,1.43,15.43,False
2,2026-06-01,10.0,1.28,11.28,False
2,2026-06-02,6.0,1.205,7.205,True
2,2026-06-03,2.0,1.565,3.565,True
2,2026-06-04,0.0,0.125,0.125,True
2,2026-06-05,14.0,1.515,15.515,False
2,2026-06-06,8.0,1.075,9.075,False
2,2026-06-07,4.0,1.775,5.775,True
2,2026-06-08,2.0,0.275,2.275,True
2,2026-06-09,18.0,1.635,19.635,False
2,2026-06-10,14.0,1.715,15.715,False
2,2026-06-11,10.0,1.735,11.735,False
2,2026-06-12,4.0,2.005,6.005,True
2,2026-06-13,18.0,1.705,19.705,False
2,2026-06-14,12.0,1.595,13.595,False
2,2026-06-15,8.0,1.215,9.215,False
2,2026-06-16,6.0,0.275,6.275,True
2,2026-06-17,0.0,2.015,2.015,True
2,2026-06-18,14.0,1.895,15.895,False
2,2026-06-19,10.0,1.695,11.695,False
2,2026-06-20,6.0,1.395,7.395,True
2,2026-06-21,0.0,1.645,1.645,True
2,2026-06-22,14.0,1.765,15.765,False
2,2026-06-23,10.0,1.115,11.115,False
2,2026-06-24,8.0,0.895,8.895,False
2,2026-06-25,4.0,1.165,5.165,True
2,2026-06-26,0.0,0.125,0.125,True
2,2026-06-27,12.0,0.095,12.095,False
2,2026-06-28,6.0,0.675,6.675,True
2,2026-06-29,4.0,0.155,4.155,True
2,2026-06-30,0.0,0.235,0.235,True
2,2026-07-01,18.0,0.155,18.155,False
2,2026-07-02,12.0,1.745,13.745,False
2,2026-07-03,8.0,0.745,8.745,False
2,2026-07-04,2.0,0.465,2.465,True
2,2026-07-05,16.0,0.965,16.965,False
2,2026-07-06,12.0,1.165,13.165,False
2,2026-07-07,10.0,1.365,11.365,False
2,2026-07-08,6.0,1.685,7.685,True
2,2026-07-09,2.0,1.105,3.105,True
2,2026-07-10,16.0,1.565,17.565,False
2,2026-07-11,8.0,0.735,8.735,False
2,2026-07-12,2.0,0.348,2.348,True
2,2026-07-13,0.0,0.238,0.238,True
2,2026-07-14,14.0,1.578,15.578,False
2,2026-07-15,12.0,0.688,12.688,False
2,2026-07-16,6.0,1.498,7.498,True
2,2026-07-17,0.0,1.438,1.438,True
2,2026-07-18,12.0,1.228,13.228,False
2,2026-07-19,6.0,0.848,6.848,True
2,2026-07-20,2.0,1.988,3.988,True
2,2026-07-21,0.0,0.238,0.238,True
2,2026-07-22,16.0,1.218,17.218,False
2,2026-07-23,10.0,2.768,12.768,False
3,2026-01-25,17.0,0.9,17.9,False
3,2026-01-26,17.0,0.6,17.6,False
3,2026-01-27,17.0,0.0,17.0,False
3,2026-01-28,15.0,0.931,15.931,False
3,2026-01-29,15.0,0.481,15.481,False
3,2026-01-30,15.0,0.031,15.031,False
3,2026-01-31,14.0,0.731,14.731,False
3,2026-02-01,13.0,0.081,13.081,False
3,2026-02-02,12.0,0.331,12.331,False
3,2026-02-03,11.0,0.731,11.731,False
3,2026-02-04,10.0,0.981,10.981,False
3,2026-02-05,10.0,0.681,10.681,False
3,2026-02-06,10.0,0.231,10.231,False
3,2026-02-07,9.0,0.481,9.481,False
3,2026-02-08,8.0,0.431,8.431,False
3,2026-02-09,8.0,0.131,8.131,False
3,2026-02-10,7.0,0.081,7.081,False
3,2026-02-11,6.0,0.781,6.781,False
3,2026-02-12,5.0,0.881,5.881,False
3,2026-02-13,4.0,0.831,4.831,False
3,2026-02-14,4.0,0.081,4.081,False
3,2026-02-15,2.0,1.031,3.031,False
3,2026-02-16,2.0,0.14,2.14,True
3,2026-02-17,1.0,0.84,1.84,True
3,2026-02-18,1.0,0.09,1.09,True
3,2026-02-19,0.0,0.64,0.64,True
3,2026-02-20,0.0,0.19,0.19,True
3,2026-02-21,9.0,0.14,9.14,False
3,2026-02-22,8.0,0.69,8.69,False
3,2026-02-23,8.0,0.54,8.54,False
3,2026-02-24,8.0,0.09,8.09,False
3,2026-02-25,7.0,0.79,7.79,False
3,2026-02-26,7.0,0.34,7.34,False
3,2026-02-27,6.0,0.59,6.59,False
3,2026-02-28,5.0,0.99,5.99,False
3,2026-03-01,5.0,0.54,5.54,False
3,2026-03-02,5.0,0.39,5.39,False
3,2026-03-03,5.0,0.09,5.09,False
3,2026-03-04,4.0,0.64,4.64,False
3,2026-03-05,4.0,0.49,4.49,False
3,2026-03-06,3.0,0.74,3.74,False
3,2026-03-07,2.0,0.39,2.39,True
3,2026-03-08,1.0,0.49,1.49,True
3,2026-03-09,0.0,1.04,1.04,True
3,2026-03-10,0.0,0.44,0.44,True
3,2026-03-11,9.0,0.39,9.39,False
3,2026-03-12,8.0,0.94,8.94,False
3,2026-03-13,7.0,1.04,8.04,False
3,2026-03-14,6.0,0.99,6.99,False
3,2026-03-15,6.0,0.24,6.24,False
3,2026-03-16,5.0,0.64,5.64,False
3,2026-03-17,5.0,0.34,5.34,False
3,2026-03-18,5.0,0.19,5.19,False
3,2026-03-19,4.0,0.89,4.89,False
3,2026-03-20,4.0,0.89,4.89,False
3,2026-03-21,3.0,0.84,3.84,False
3,2026-03-22,3.0,0.39,3.39,False
3,2026-03-23,2.0,0.64,2.64,True
3,2026-03-24,2.0,0.34,2.34,True
3,2026-03-25,1.0,0.59,1.59,True
3,2026-03-26,0.0,0.54,0.54,True
3,2026-03-27,0.0,0.39,0.39,True
3,2026-03-28,8.0,0.89,8.89,False
3,2026-03-29,7.0,0.54,7.54,False
3,2026-03-30,6.0,0.49,6.49,False
3,2026-03-31,6.0,0.49,6.49,False
3,2026-04-01,5.0,1.04,6.04,False
3,2026-04-02,5.0,1.04,6.04,False
3,2026-04-03,5.0,0.74,5.74,False
3,2026-04-04,4.0,0.84,4.84,False
3,2026-04-05,4.0,0.54,4.54,False
3,2026-04-06,3.0,0.892,3.892,False
3,2026-04-07,3.0,0.892,3.892,False
3,2026-04-08,3.0,0.742,3.742,False
3,2026-04-09,3.0,0.292,3.292,False
3,2026-04-10,2.0,0.392,2.392,True
3,2026-04-11,1.0,0.192,1.192,True
3,2026-04-12,0.0,0.442,0.442,True
3,2026-04-13,9.0,0.692,9.692,False
3,2026-04-14,9.0,0.692,9.692,False
3,2026-04-15,9.0,0.542,9.542,False
3,2026-04-16,8.0,0.342,8.342,False
3,2026-04-17,8.0,0.192,8.192,False
3,2026-04-18,7.0,0.442,7.442,False
3,2026-04-19,6.0,0.692,6.692,False
3,2026-04-20,6.0,0.242,6.242,False
3,2026-04-21,5.0,0.942,5.942,False
3,2026-04-22,5.0,0.492,5.492,False
3,2026-04-23,4.0,1.042,5.042,False
3,2026-04-24,4.0,0.442,4.442,False
3,2026-04-25,3.0,0.692,3.692,False
3,2026-04-26,3.0,0.242,3.242,False
3,2026-04-27,2.0,0.942,2.942,True
3,2026-04-28,2.0,0.642,2.642,True
3,2026-04-29,1.0,1.042,2.042,True
3,2026-04-30,1.0,0.142,1.142,True
3,2026-05-01,0.0,0.542,0.542,True
3,2026-05-02,9.0,0.342,9.342,False
3,2026-05-03,8.0,0.742,8.742,False
3,2026-05-04,8.0,0.292,8.292,False
3,2026-05-05,8.0,0.292,8.292,False
3,2026-05-06,8.0,0.292,8.292,False
3,2026-05-07,8.0,0.292,8.292,False
3,2026-05-08,8.0,0.292,8.292,False
3,2026-05-09,8.0,0.292,8.292,False
3,2026-05-10,7.0,1.142,8.142,False
3,2026-05-11,7.0,0.4,7.4,False
3,2026-05-12,7.0,0.25,7.25,False
3,2026-05-13,6.0,0.65,6.65,False
3,2026-05-14,6.0,0.05,6.05,False
3,2026-05-15,5.0,0.0,5.0,False
3,2026-05-16,4.0,0.85,4.85,False
3,2026-05-17,3.0,0.95,3.95,False
3,2026-05-18,3.0,0.65,3.65,False
3,2026-05-19,3.0,0.35,3.35,False
3,2026-05-20,2.0,0.9,2.9,True
3,2026-05-21,2.0,0.75,2.75,True
3,2026-05-22,2.0,0.75,2.75,True
3,2026-05-23,2.0,0.3,2.3,True
3,2026-05-24,1.0,0.85,1.85,True
3,2026-05-25,1.0,0.4,1.4,True
3,2026-05-26,1.0,0.4,1.4,True
3,2026-05-27,1.0,0.25,1.25,True
3,2026-05-28,0.0,0.95,0.95,True
3,2026-05-29,0.0,0.65,0.65,True
3,2026-05-30,0.0,0.2,0.2,True
3,2026-05-31,9.0,0.15,9.15,False
3,2026-06-01,8.0,0.85,8.85,False
3,2026-06-02,8.0,0.85,8.85,False
3,2026-06-03,8.0,0.85,8.85,False
3,2026-06-04,8.0,0.7,8.7,False
3,2026-06-05,8.0,0.1,8.1,False
3,2026-06-06,7.0,0.65,7.65,False
3,2026-06-07,7.0,0.65,7.65,False
3,2026-06-08,7.0,0.2,7.2,False
3,2026-06-09,6.0,0.9,6.9,False
3,2026-06-10,6.0,0.3,6.3,False
3,2026-06-11,6.0,0.0,6.0,False
3,2026-06-12,5.0,0.85,5.85,False
3,2026-06-13,5.0,0.1,5.1,False
3,2026-06-14,4.0,0.95,4.95,False
3,2026-06-15,4.0,0.65,4.65,False
3,2026-06-16,3.0,0.9,3.9,False
3,2026-06-17,3.0,0.3,3.3,False
3,2026-06-18,3.0,0.0,3.0,False
3,2026-06-19,2.0,0.85,2.85,True
3,2026-06-20,2.0,0.4,2.4,True
3,2026-06-21,1.0,0.95,1.95,True
3,2026-06-22,1.0,0.95,1.95,True
3,2026-06-23,1.0,0.5,1.5,True
3,2026-06-24,1.0,0.5,1.5,True
3,2026-06-25,1.0,0.45,1.45,True
3,2026-06-26,1.0,0.15,1.15,True
3,2026-06-27,0.0,1.0,1.0,True
3,2026-06-28,0.0,0.4,0.4,True
3,2026-06-29,0.0,0.25,0.25,True
3,2026-06-30,9.0,0.8,9.8,False
3,2026-07-01,9.0,0.35,9.35,False
3,2026-07-02,8.0,0.6,8.6,False
3,2026-07-03,8.0,0.45,8.45,False
3,2026-07-04,8.0,0.3,8.3,False
3,2026-07-05,7.0,0.4,7.4,False
3,2026-07-06,7.0,0.4,7.4,False
3,2026-07-07,7.0,0.4,7.4,False
3,2026-07-08,7.0,0.1,7.1,False
3,2026-07-09,6.0,1.1,7.1,False
3,2026-07-10,5.0,0.95,5.95,False
3,2026-07-11,5.0,0.2,5.2,False
3,2026-07-12,4.0,0.45,4.45,False
3,2026-07-13,4.0,0.45,4.45,False
3,2026-07-14,4.0,0.3,4.3,False
3,2026-07-15,4.0,0.0,4.0,False
3,2026-07-16,3.0,1.0,4.0,False
3,2026-07-17,3.0,0.85,3.85,False
3,2026-07-18,3.0,0.55,3.55,False
3,2026-07-19,2.0,0.8,2.8,True
3,2026-07-20,2.0,0.5,2.5,True
3,2026-07-21,1.0,0.9,1.9,True
3,2026-07-22,1.0,0.6,1.6,True
3,2026-07-23,1.0,0.0,1.0,True
4,2026-01-25,8.0,1.679,9.679,False
4,2026-01-26,8.0,1.48,9.48,False
4,2026-01-27,8.0,1.234,9.234,False
4,2026-01-28,8.0,1.029,9.029,False
4,2026-01-29,8.0,0.832,8.832,False
4,2026-01-30,8.0,0.614,8.614,False
4,2026-01-31,8.0,0.4,8.4,False
4,2026-02-01,6.0,2.002,8.002,False
4,2026-02-02,6.0,1.778,7.778,False
4,2026-02-03,6.0,1.616,7.616,False
4,2026-02-04,6.0,1.442,7.442,False
4,2026-02-05,6.0,1.275,7.275,False
4,2026-02-06,6.0,1.13,7.13,False
4,2026-02-07,6.0,0.936,6.936,False
4,2026-02-08,6.0,0.676,6.676,False
4,2026-02-09,6.0,0.623,6.623,False
4,2026-02-10,6.0,0.496,6.496,False
4,2026-02-11,4.0,2.256,6.256,False
4,2026-02-12,4.0,2.057,6.057,False
4,2026-02-13,4.0,1.67,5.67,False
4,2026-02-14,4.0,1.404,5.404,False
4,2026-02-15,4.0,1.109,5.109,False
4,2026-02-16,4.0,0.987,4.987,False
4,2026-02-17,4.0,0.885,4.885,False
4,2026-02-18,4.0,0.704,4.704,False
4,2026-02-19,4.0,0.493,4.493,False
4,2026-02-20,2.0,2.348,4.348,False
4,2026-02-21,2.0,2.094,4.094,False
4,2026-02-22,2.0,1.792,3.792,False
4,2026-02-23,2.0,1.576,3.576,False
4,2026-02-24,2.0,1.39,3.39,False
4,2026-02-25,2.0,1.262,3.262,False
4,2026-02-26,2.0,1.074,3.074,False
4,2026-02-27,2.0,0.857,2.857,True
4,2026-02-28,2.0,0.487,2.487,True
4,2026-03-01,0.0,2.238,2.238,True
4,2026-03-02,0.0,2.112,2.112,True
4,2026-03-03,0.0,1.948,1.948,True
4,2026-03-04,0.0,1.761,1.761,True
4,2026-03-05,0.0,1.657,1.657,True
4,2026-03-06,0.0,1.47,1.47,True
4,2026-03-07,0.0,1.142,1.142,True
4,2026-03-08,0.0,0.899,0.899,True
4,2026-03-09,0.0,0.686,0.686,True
4,2026-03-10,0.0,0.418,0.418,True
4,2026-03-11,8.0,2.203,10.203,False
4,2026-03-12,8.0,1.996,9.996,False
4,2026-03-13,8.0,1.714,9.714,False
4,2026-03-14,8.0,1.467,9.467,False
4,2026-03-15,8.0,1.092,9.092,False
4,2026-03-16,8.0,0.915,8.915,False
4,2026-03-17,8.0,0.748,8.748,False
4,2026-03-18,8.0,0.623,8.623,False
4,2026-03-19,8.0,0.427,8.427,False
4,2026-03-20,6.0,2.183,8.183,False
4,2026-03-21,6.0,1.708,7.708,False
4,2026-03-22,6.0,1.468,7.468,False
4,2026-03-23,6.0,1.153,7.153,False
4,2026-03-24,6.0,0.928,6.928,False
4,2026-03-25,6.0,0.785,6.785,False
4,2026-03-26,6.0,0.45,6.45,False
4,2026-03-27,4.0,2.264,6.264,False
4,2026-03-28,4.0,2.037,6.037,False
4,2026-03-29,4.0,1.8,5.8,False
4,2026-03-30,4.0,1.606,5.606,False
4,2026-03-31,4.0,1.554,5.554,False
4,2026-04-01,4.0,1.442,5.442,False
4,2026-04-02,4.0,1.286,5.286,False
4,2026-04-03,4.0,1.16,5.16,False
4,2026-04-04,4.0,0.913,4.913,False
4,2026-04-05,4.0,0.645,4.645,False
4,2026-04-06,4.0,0.501,4.501,False
4,2026-04-07,4.0,0.412,4.412,False
4,2026-04-08,2.0,2.227,4.227,False
4,2026-04-09,2.0,2.034,4.034,False
4,2026-04-10,0.0,1.732,1.732,True
4,2026-04-11,0.0,1.41,1.41,True
4,2026-04-12,0.0,1.219,1.219,True
4,2026-04-13,0.0,1.003,1.003,True
4,2026-04-14,0.0,0.933,0.933,True
4,2026-04-15,0.0,0.872,0.872,True
4,2026-04-16,0.0,0.635,0.635,True
4,2026-04-17,0.0,0.432,0.432,True
4,2026-04-18,8.0,2.21,10.21,False
4,2026-04-19,8.0,2.031,10.031,False
4,2026-04-20,8.0,1.913,9.913,False
4,2026-04-21,8.0,1.773,9.773,False
4,2026-04-22,8.0,1.656,9.656,False
4,2026-04-23,8.0,1.492,9.492,False
4,2026-04-24,8.0,1.328,9.328,False
4,2026-04-25,8.0,1.035,9.035,False
4,2026-04-26,8.0,0.892,8.892,False
4,2026-04-27,8.0,0.833,8.833,False
4,2026-04-28,8.0,0.654,8.654,False
4,2026-04-29,8.0,0.547,8.547,False
4,2026-04-30,8.0,0.356,8.356,False
4,2026-05-01,6.0,2.199,8.199,False
4,2026-05-02,6.0,1.85,7.85,False
4,2026-05-03,6.0,1.649,7.649,False
4,2026-05-04,6.0,1.469,7.469,False
4,2026-05-05,6.0,1.469,7.469,False
4,2026-05-06,6.0,1.469,7.469,False
4,2026-05-07,6.0,1.469,7.469,False
4,2026-05-08,6.0,1.469,7.469,False
4,2026-05-09,6.0,1.469,7.469,False
4,2026-05-10,6.0,1.222,7.222,False
4,2026-05-11,6.0,1.08,7.08,False
4,2026-05-12,6.0,0.926,6.926,False
4,2026-05-13,6.0,0.8,6.8,False
4,2026-05-14,6.0,0.649,6.649,False
4,2026-05-15,6.0,0.358,6.358,False
4,2026-05-16,6.0,0.197,6.197,False
4,2026-05-17,4.0,1.934,5.934,False
4,2026-05-18,4.0,1.755,5.755,False
4,2026-05-19,4.0,1.623,5.623,False
4,2026-05-20,4.0,1.441,5.441,False
4,2026-05-21,4.0,1.375,5.375,False
4,2026-05-22,4.0,1.243,5.243,False
4,2026-05-23,4.0,1.11,5.11,False
4,2026-05-24,4.0,0.987,4.987,False
4,2026-05-25,4.0,0.843,4.843,False
4,2026-05-26,4.0,0.773,4.773,False
4,2026-05-27,4.0,0.639,4.639,False
4,2026-05-28,4.0,0.452,4.452,False
4,2026-05-29,2.0,2.261,4.261,False
4,2026-05-30,2.0,2.022,4.022,False
4,2026-05-31,2.0,1.711,3.711,False
4,2026-06-01,2.0,1.541,3.541,False
4,2026-06-02,2.0,1.457,3.457,False
4,2026-06-03,2.0,1.336,3.336,False
4,2026-06-04,2.0,1.164,3.164,False
4,2026-06-05,2.0,1.028,3.028,False
4,2026-06-06,2.0,0.804,2.804,True
4,2026-06-07,2.0,0.723,2.723,True
4,2026-06-08,2.0,0.547,2.547,True
4,2026-06-09,2.0,0.471,2.471,True
4,2026-06-10,0.0,2.329,2.329,True
4,2026-06-11,0.0,2.17,2.17,True
4,2026-06-12,0.0,1.991,1.991,True
4,2026-06-13,0.0,1.744,1.744,True
4,2026-06-14,0.0,1.557,1.557,True
4,2026-06-15,0.0,1.442,1.442,True
4,2026-06-16,0.0,1.291,1.291,True
4,2026-06-17,0.0,1.094,1.094,True
4,2026-06-18,0.0,0.934,0.934,True
4,2026-06-19,0.0,0.788,0.788,True
4,2026-06-20,0.0,0.646,0.646,True
4,2026-06-21,0.0,0.281,0.281,True
4,2026-06-22,8.0,2.071,10.071,False
4,2026-06-23,8.0,1.825,9.825,False
4,2026-06-24,8.0,1.732,9.732,False
4,2026-06-25,10.0,1.588,11.588,False
4,2026-06-26,10.0,1.386,11.386,False
4,2026-06-27,10.0,1.166,11.166,False
4,2026-06-28,10.0,0.976,10.976,False
4,2026-06-29,10.0,0.881,10.881,False
4,2026-06-30,10.0,0.693,10.693,False
4,2026-07-01,10.0,0.635,10.635,False
4,2026-07-02,10.0,0.445,10.445,False
4,2026-07-03,8.0,2.255,10.255,False
4,2026-07-04,8.0,2.102,10.102,False
4,2026-07-05,8.0,1.843,9.843,False
4,2026-07-06,8.0,1.742,9.742,False
4,2026-07-07,8.0,1.649,9.649,False
4,2026-07-08,8.0,1.514,9.514,False
4,2026-07-09,8.0,1.314,9.314,False
4,2026-07-10,8.0,1.157,9.157,False
4,2026-07-11,8.0,0.843,8.843,False
4,2026-07-12,8.0,0.619,8.619,False
4,2026-07-13,8.0,0.54,8.54,False
4,2026-07-14,8.0,0.423,8.423,False
4,2026-07-15,6.0,2.34,8.34,False
4,2026-07-16,6.0,2.196,8.196,False
4,2026-07-17,6.0,2.023,8.023,False
4,2026-07-18,6.0,1.81,7.81,False
4,2026-07-19,6.0,1.618,7.618,False
4,2026-07-20,6.0,1.457,7.457,False
4,2026-07-21,6.0,1.299,7.299,False
4,2026-07-22,6.0,1.149,7.149,False
4,2026-07-23,6.0,0.963,6.963,False
5,2026-01-25,2.0,0.805,2.805,False
5,2026-01-26,2.0,0.73,2.73,False
5,2026-01-27,2.0,0.625,2.625,False
5,2026-01-28,2.0,0.585,2.585,False
5,2026-01-29,2.0,0.515,2.515,False
5,2026-01-30,2.0,0.425,2.425,False
5,2026-01-31,2.0,0.335,2.335,False
5,2026-02-01,2.0,0.27,2.27,False
5,2026-02-02,2.0,0.195,2.195,False
5,2026-02-03,1.0,1.105,2.105,False
5,2026-02-04,1.0,1.03,2.03,False
5,2026-02-05,1.0,0.925,1.925,False
5,2026-02-06,1.0,0.835,1.835,False
5,2026-02-07,1.0,0.69,1.69,False
5,2026-02-08,1.0,0.6,1.6,False
5,2026-02-09,1.0,0.485,1.485,False
5,2026-02-10,1.0,0.455,1.455,False
5,2026-02-11,1.0,0.395,1.395,False
5,2026-02-12,1.0,0.3,1.3,False
5,2026-02-13,1.0,0.26,1.26,False
5,2026-02-14,1.0,0.045,1.045,False
5,2026-02-15,0.0,0.93,0.93,True
5,2026-02-16,0.0,0.91,0.91,True
5,2026-02-17,0.0,0.78,0.78,True
5,2026-02-18,0.0,0.645,0.645,True
5,2026-02-19,0.0,0.575,0.575,True
5,2026-02-20,0.0,0.5,0.5,True
5,2026-02-21,0.0,0.395,0.395,True
5,2026-02-22,0.0,0.245,0.245,True
5,2026-02-23,2.0,1.205,3.205,False
5,2026-02-24,2.0,1.075,3.075,False
5,2026-02-25,2.0,1.035,3.035,False
5,2026-02-26,2.0,0.895,2.895,False
5,2026-02-27,2.0,0.82,2.82,False
5,2026-02-28,2.0,0.705,2.705,False
5,2026-03-01,2.0,0.555,2.555,False
5,2026-03-02,2.0,0.48,2.48,False
5,2026-03-03,2.0,0.405,2.405,False
5,2026-03-04,2.0,0.32,2.32,False
5,2026-03-05,2.0,0.24,2.24,False
5,2026-03-06,1.0,1.21,2.21,False
5,2026-03-07,1.0,0.95,1.95,False
5,2026-03-08,1.0,0.835,1.835,False
5,2026-03-09,1.0,0.825,1.825,False
5,2026-03-10,2.0,0.7,2.7,False
5,2026-03-11,2.0,0.605,2.605,False
5,2026-03-12,2.0,0.5,2.5,False
5,2026-03-13,2.0,0.41,2.41,False
5,2026-03-14,2.0,0.21,2.21,False
5,2026-03-15,1.0,1.095,2.095,False
5,2026-03-16,1.0,1.04,2.04,False
5,2026-03-17,1.0,0.935,1.935,False
5,2026-03-18,1.0,0.9,1.9,False
5,2026-03-19,1.0,0.795,1.795,False
5,2026-03-20,1.0,0.725,1.725,False
5,2026-03-21,1.0,0.455,1.455,False
5,2026-03-22,1.0,0.39,1.39,False
5,2026-03-23,1.0,0.32,1.32,False
5,2026-03-24,1.0,0.265,1.265,False
5,2026-03-25,0.0,0.115,0.115,True
5,2026-03-26,2.0,0.92,2.92,False
5,2026-03-27,2.0,0.8,2.8,False
5,2026-03-28,2.0,0.675,2.675,False
5,2026-03-29,2.0,0.515,2.515,False
5,2026-03-30,2.0,0.415,2.415,False
5,2026-03-31,2.0,0.33,2.33,False
5,2026-04-01,2.0,0.205,2.205,False
5,2026-04-02,1.0,1.02,2.02,False
5,2026-04-03,1.0,0.915,1.915,False
5,2026-04-04,1.0,0.635,1.635,False
5,2026-04-05,1.0,0.445,1.445,False
5,2026-04-06,1.0,0.315,1.315,False
5,2026-04-07,1.0,0.27,1.27,False
5,2026-04-08,1.0,0.13,1.13,False
5,2026-04-09,0.0,0.915,0.915,True
5,2026-04-10,0.0,0.76,0.76,True
5,2026-04-11,0.0,0.48,0.48,True
5,2026-04-12,0.0,0.21,0.21,True
5,2026-04-13,2.0,1.02,3.02,False
5,2026-04-14,2.0,0.915,2.915,False
5,2026-04-15,2.0,0.77,2.77,False
5,2026-04-16,2.0,0.655,2.655,False
5,2026-04-17,2.0,0.435,2.435,False
5,2026-04-18,2.0,0.21,2.21,False
5,2026-04-19,1.0,1.03,2.03,False
5,2026-04-20,1.0,0.925,1.925,False
5,2026-04-21,1.0,0.805,1.805,False
5,2026-04-22,1.0,0.71,1.71,False
5,2026-04-23,1.0,0.495,1.495,False
5,2026-04-24,1.0,0.36,1.36,False
5,2026-04-25,1.0,0.11,1.11,False
5,2026-04-26,0.0,0.92,0.92,True
5,2026-04-27,0.0,0.78,0.78,True
5,2026-04-28,0.0,0.68,0.68,True
5,2026-04-29,0.0,0.595,0.595,True
5,2026-04-30,0.0,0.44,0.44,True
5,2026-05-01,0.0,0.16,0.16,True
5,2026-05-02,2.0,0.965,2.965,False
5,2026-05-03,2.0,0.77,2.77,False
5,2026-05-04,2.0,0.665,2.665,False
5,2026-05-05,2.0,0.665,2.665,False
5,2026-05-06,2.0,0.665,2.665,False
5,2026-05-07,2.0,0.665,2.665,False
5,2026-05-08,2.0,0.665,2.665,False
5,2026-05-09,2.0,0.665,2.665,False
5,2026-05-10,2.0,0.525,2.525,False
5,2026-05-11,2.0,0.425,2.425,False
5,2026-05-12,2.0,0.315,2.315,False
5,2026-05-13,2.0,0.185,2.185,False
5,2026-05-14,1.0,1.0,2.0,False
5,2026-05-15,1.0,0.845,1.845,False
5,2026-05-16,1.0,0.745,1.745,False
5,2026-05-17,1.0,0.59,1.59,False
5,2026-05-18,1.0,0.475,1.475,False
5,2026-05-19,1.0,0.37,1.37,False
5,2026-05-20,1.0,0.31,1.31,False
5,2026-05-21,1.0,0.215,1.215,False
5,2026-05-22,0.0,1.08,1.08,False
5,2026-05-23,0.0,0.89,0.89,True
5,2026-05-24,0.0,0.655,0.655,True
5,2026-05-25,0.0,0.575,0.575,True
5,2026-05-26,0.0,0.555,0.555,True
5,2026-05-27,0.0,0.51,0.51,True
5,2026-05-28,0.0,0.27,0.27,True
5,2026-05-29,0.0,0.12,0.12,True
5,2026-05-30,2.0,0.865,2.865,False
5,2026-05-31,2.0,0.675,2.675,False
5,2026-06-01,2.0,0.58,2.58,False
5,2026-06-02,2.0,0.425,2.425,False
5,2026-06-03,2.0,0.245,2.245,False
5,2026-06-04,1.0,1.125,2.125,False
5,2026-06-05,1.0,0.97,1.97,False
5,2026-06-06,1.0,0.71,1.71,False
5,2026-06-07,1.0,0.57,1.57,False
5,2026-06-08,1.0,0.45,1.45,False
5,2026-06-09,1.0,0.28,1.28,False
5,2026-06-10,1.0,0.1,1.1,False
5,2026-06-11,0.0,0.93,0.93,True
5,2026-06-12,0.0,0.685,0.685,True
5,2026-06-13,0.0,0.435,0.435,True
5,2026-06-14,0.0,0.15,0.15,True
5,2026-06-15,2.0,0.89,2.89,False
5,2026-06-16,2.0,0.81,2.81,False
5,2026-06-17,2.0,0.69,2.69,False
5,2026-06-18,2.0,0.35,2.35,False
5,2026-06-19,2.0,0.14,2.14,False
5,2026-06-20,1.0,0.93,1.93,False
5,2026-06-21,1.0,0.69,1.69,False
5,2026-06-22,1.0,0.44,1.44,False
5,2026-06-23,1.0,0.225,1.225,False
5,2026-06-24,0.0,1.135,1.135,False
5,2026-06-25,0.0,0.95,0.95,True
5,2026-06-26,0.0,0.74,0.74,True
5,2026-06-27,0.0,0.315,0.315,True
5,2026-06-28,0.0,0.065,0.065,True
5,2026-06-29,2.0,0.945,2.945,False
5,2026-06-30,2.0,0.835,2.835,False
5,2026-07-01,2.0,0.705,2.705,False
5,2026-07-02,2.0,0.46,2.46,False
5,2026-07-03,2.0,0.31,2.31,False
5,2026-07-04,2.0,0.02,2.02,False
5,2026-07-05,1.0,0.68,1.68,False
5,2026-07-06,1.0,0.45,1.45,False
5,2026-07-07,1.0,0.38,1.38,False
5,2026-07-08,1.0,0.12,1.12,False
5,2026-07-09,0.0,0.97,0.97,True
5,2026-07-10,0.0,0.62,0.62,True
5,2026-07-11,0.0,0.195,0.195,True
5,2026-07-12,2.0,0.91,2.91,False
5,2026-07-13,2.0,0.805,2.805,False
5,2026-07-14,2.0,0.545,2.545,False
5,2026-07-15,2.0,0.4,2.4,False
5,2026-07-16,2.0,0.145,2.145,False
5,2026-07-17,1.0,0.895,1.895,False
5,2026-07-18,1.0,0.37,1.37,False
5,2026-07-19,0.0,0.95,0.95,True
5,2026-07-20,0.0,0.78,0.78,True
5,2026-07-21,0.0,0.635,0.635,True
5,2026-07-22,0.0,0.545,0.545,True
5,2026-07-23,0.0,0.37,0.37,True
6,2026-01-25,0.8,0.116,0.916,False
6,2026-01-26,0.8,0.104,0.904,False
6,2026-01-27,0.8,0.08,0.88,False
6,2026-01-28,0.8,0.044,0.844,False
6,2026-01-29,0.6,0.226,0.826,False
6,2026-01-30,0.6,0.208,0.808,False
6,2026-01-31,0.6,0.196,0.796,False
6,2026-02-01,0.6,0.13,0.73,False
6,2026-02-02,0.6,0.1,0.7,False
6,2026-02-03,0.6,0.076,0.676,False
6,2026-02-04,0.6,0.046,0.646,False
6,2026-02-05,0.4,0.234,0.634,False
6,2026-02-06,0.4,0.216,0.616,False
6,2026-02-07,0.4,0.186,0.586,False
6,2026-02-08,0.4,0.144,0.544,False
6,2026-02-09,0.4,0.132,0.532,False
6,2026-02-10,0.2,0.09,0.29,True
6,2026-02-11,0.2,0.078,0.278,True
6,2026-02-12,0.2,0.042,0.242,True
6,2026-02-13,0.0,0.2,0.2,True
6,2026-02-14,0.0,0.164,0.164,True
6,2026-02-15,0.0,0.122,0.122,True
6,2026-02-16,0.0,0.092,0.092,True
6,2026-02-17,0.0,0.08,0.08,True
6,2026-02-18,0.0,0.05,0.05,True
6,2026-02-19,0.8,0.232,1.032,False
6,2026-02-20,0.8,0.214,1.014,False
6,2026-02-21,0.8,0.172,0.972,False
6,2026-02-22,0.8,0.154,0.954,False
6,2026-02-23,0.8,0.148,0.948,False
6,2026-02-24,0.8,0.13,0.93,False
6,2026-02-25,0.8,0.118,0.918,False
6,2026-02-26,0.8,0.1,0.9,False
6,2026-02-27,0.8,0.07,0.87,False
6,2026-02-28,0.8,0.046,0.846,False
6,2026-03-01,0.6,0.228,0.828,False
6,2026-03-02,0.6,0.222,0.822,False
6,2026-03-03,0.6,0.21,0.81,False
6,2026-03-04,0.6,0.192,0.792,False
6,2026-03-05,0.6,0.186,0.786,False
6,2026-03-06,0.6,0.156,0.756,False
6,2026-03-07,0.6,0.102,0.702,False
6,2026-03-08,0.6,0.066,0.666,False
6,2026-03-09,0.6,0.048,0.648,False
6,2026-03-10,0.4,0.224,0.624,False
6,2026-03-11,0.4,0.182,0.582,False
6,2026-03-12,0.4,0.164,0.564,False
6,2026-03-13,0.4,0.128,0.528,False
6,2026-03-14,0.4,0.086,0.486,False
6,2026-03-15,0.4,0.056,0.456,False
6,2026-03-16,0.4,0.032,0.432,False
6,2026-03-17,0.2,0.22,0.42,False
6,2026-03-18,0.2,0.214,0.414,False
6,2026-03-19,0.2,0.202,0.402,False
6,2026-03-20,0.2,0.202,0.402,False
6,2026-03-21,0.2,0.16,0.36,False
6,2026-03-22,0.2,0.142,0.342,False
6,2026-03-23,0.2,0.112,0.312,False
6,2026-03-24,0.2,0.1,0.3,True
6,2026-03-25,0.2,0.07,0.27,True
6,2026-03-26,0.2,0.028,0.228,True
6,2026-03-27,0.0,0.222,0.222,True
6,2026-03-28,0.0,0.162,0.162,True
6,2026-03-29,0.0,0.108,0.108,True
6,2026-03-30,0.0,0.066,0.066,True
6,2026-03-31,0.0,0.066,0.066,True
6,2026-04-01,0.0,0.048,0.048,True
6,2026-04-02,0.8,0.248,1.048,False
6,2026-04-03,0.8,0.236,1.036,False
6,2026-04-04,0.8,0.2,1.0,False
6,2026-04-05,0.8,0.188,0.988,False
6,2026-04-06,0.8,0.164,0.964,False
6,2026-04-07,0.8,0.164,0.964,False
6,2026-04-08,0.8,0.158,0.958,False
6,2026-04-09,0.8,0.14,0.94,False
6,2026-04-10,0.8,0.104,0.904,False
6,2026-04-11,0.8,0.056,0.856,False
6,2026-04-12,0.8,0.026,0.826,False
6,2026-04-13,0.6,0.196,0.796,False
6,2026-04-14,0.6,0.196,0.796,False
6,2026-04-15,0.6,0.19,0.79,False
6,2026-04-16,0.6,0.142,0.742,False
6,2026-04-17,0.6,0.136,0.736,False
6,2026-04-18,0.6,0.106,0.706,False
6,2026-04-19,0.6,0.076,0.676,False
6,2026-04-20,0.6,0.058,0.658,False
6,2026-04-21,0.6,0.046,0.646,False
6,2026-04-22,0.4,0.228,0.628,False
6,2026-04-23,0.4,0.21,0.61,False
6,2026-04-24,0.4,0.186,0.586,False
6,2026-04-25,0.4,0.156,0.556,False
6,2026-04-26,0.4,0.138,0.538,False
6,2026-04-27,0.4,0.126,0.526,False
6,2026-04-28,0.4,0.114,0.514,False
6,2026-04-29,0.4,0.09,0.49,False
6,2026-04-30,0.4,0.054,0.454,False
6,2026-05-01,0.4,0.03,0.43,False
6,2026-05-02,0.2,0.182,0.382,False
6,2026-05-03,0.2,0.158,0.358,False
6,2026-05-04,0.2,0.14,0.34,False
6,2026-05-05,0.2,0.14,0.34,False
6,2026-05-06,0.2,0.14,0.34,False
6,2026-05-07,0.2,0.14,0.34,False
6,2026-05-08,0.2,0.14,0.34,False
6,2026-05-09,0.2,0.14,0.34,False
6,2026-05-10,0.2,0.134,0.334,False
6,2026-05-11,0.2,0.11,0.31,False
6,2026-05-12,0.2,0.104,0.304,False
6,2026-05-13,0.2,0.08,0.28,True
6,2026-05-14,0.2,0.056,0.256,True
6,2026-05-15,0.2,0.014,0.214,True
6,2026-05-16,0.0,0.208,0.208,True
6,2026-05-17,0.0,0.172,0.172,True
6,2026-05-18,0.0,0.16,0.16,True
6,2026-05-19,0.0,0.148,0.148,True
6,2026-05-20,0.0,0.13,0.13,True
6,2026-05-21,0.0,0.124,0.124,True
6,2026-05-22,0.0,0.124,0.124,True
6,2026-05-23,0.0,0.106,0.106,True
6,2026-05-24,0.0,0.088,0.088,True
6,2026-05-25,0.0,0.07,0.07,True
6,2026-05-26,0.0,0.07,0.07,True
6,2026-05-27,0.0,0.064,0.064,True
6,2026-05-28,0.0,0.052,0.052,True
6,2026-05-29,0.0,0.04,0.04,True
6,2026-05-30,0.8,0.222,1.022,False
6,2026-05-31,0.8,0.18,0.98,False
6,2026-06-01,0.8,0.168,0.968,False
6,2026-06-02,0.8,0.168,0.968,False
6,2026-06-03,0.8,0.168,0.968,False
6,2026-06-04,0.8,0.162,0.962,False
6,2026-06-05,0.8,0.138,0.938,False
6,2026-06-06,0.8,0.12,0.92,False
6,2026-06-07,0.8,0.12,0.92,False
6,2026-06-08,0.8,0.102,0.902,False
6,2026-06-09,0.8,0.09,0.89,False
6,2026-06-10,0.8,0.066,0.866,False
6,2026-06-11,0.8,0.054,0.854,False
6,2026-06-12,0.8,0.048,0.848,False
6,2026-06-13,0.6,0.218,0.818,False
6,2026-06-14,0.6,0.212,0.812,False
6,2026-06-15,0.6,0.2,0.8,False
6,2026-06-16,0.6,0.17,0.77,False
6,2026-06-17,0.6,0.146,0.746,False
6,2026-06-18,0.6,0.134,0.734,False
6,2026-06-19,0.6,0.128,0.728,False
6,2026-06-20,0.6,0.11,0.71,False
6,2026-06-21,0.6,0.092,0.692,False
6,2026-06-22,0.6,0.092,0.692,False
6,2026-06-23,0.6,0.074,0.674,False
6,2026-06-24,0.6,0.074,0.674,False
6,2026-06-25,0.6,0.032,0.632,False
6,2026-06-26,0.4,0.22,0.62,False
6,2026-06-27,0.4,0.214,0.614,False
6,2026-06-28,0.4,0.19,0.59,False
6,2026-06-29,0.4,0.184,0.584,False
6,2026-06-30,0.4,0.166,0.566,False
6,2026-07-01,0.4,0.148,0.548,False
6,2026-07-02,0.4,0.118,0.518,False
6,2026-07-03,0.4,0.112,0.512,False
6,2026-07-04,0.4,0.106,0.506,False
6,2026-07-05,0.4,0.07,0.47,False
6,2026-07-06,0.4,0.07,0.47,False
6,2026-07-07,0.4,0.07,0.47,False
6,2026-07-08,0.4,0.058,0.458,False
6,2026-07-09,0.4,0.058,0.458,False
6,2026-07-10,0.4,0.052,0.452,False
6,2026-07-11,0.4,0.022,0.422,False
6,2026-07-12,0.2,0.192,0.392,False
6,2026-07-13,0.2,0.192,0.392,False
6,2026-07-14,0.2,0.186,0.386,False
6,2026-07-15,0.2,0.174,0.374,False
6,2026-07-16,0.2,0.174,0.374,False
6,2026-07-17,0.2,0.168,0.368,False
6,2026-07-18,0.2,0.156,0.356,False
6,2026-07-19,0.2,0.126,0.326,False
6,2026-07-20,0.2,0.114,0.314,False
6,2026-07-21,0.2,0.09,0.29,True
6,2026-07-22,0.2,0.078,0.278,True
6,2026-07-23,0.2,0.0,0.2,True
7,2026-01-25,5.0,0.25,5.25,False
7,2026-01-26,4.0,0.2,4.2,False
7,2026-01-27,3.0,0.3,3.3,False
7,2026-01-28,2.0,0.55,2.55,False
7,2026-01-29,1.0,0.5,1.5,True
7,2026-01-30,0.0,0.3,0.3,True
7,2026-01-31,5.0,0.4,5.4,False
7,2026-02-01,3.0,0.9,3.9,False
7,2026-02-02,3.0,0.3,3.3,False
7,2026-02-03,2.0,0.4,2.4,False
7,2026-02-04,1.0,0.8,1.8,True
7,2026-02-05,1.0,0.05,1.05,True
7,2026-02-06,0.0,0.6,0.6,True
7,2026-02-07,0.0,0.3,0.3,True
7,2026-02-08,5.0,0.7,5.7,False
7,2026-02-09,5.0,0.55,5.55,False
7,2026-02-10,5.0,0.1,5.1,False
7,2026-02-11,3.0,0.3,3.3,False
7,2026-02-12,2.0,0.85,2.85,False
7,2026-02-13,0.0,0.9,0.9,True
7,2026-02-14,5.0,0.7,5.7,False
7,2026-02-15,4.0,0.65,4.65,False
7,2026-02-16,4.0,0.35,4.35,False
7,2026-02-17,3.0,1.05,4.05,False
7,2026-02-18,3.0,0.3,3.3,False
7,2026-02-19,2.0,0.55,2.55,False
7,2026-02-20,1.0,1.1,2.1,False
7,2026-02-21,0.0,1.2,1.2,True
7,2026-02-22,5.0,0.4,5.4,False
7,2026-02-23,4.0,0.8,4.8,False
7,2026-02-24,3.0,0.3,3.3,False
7,2026-02-25,2.0,0.7,2.7,False
7,2026-02-26,1.0,1.1,2.1,False
7,2026-02-27,1.0,0.35,1.35,True
7,2026-02-28,5.0,0.85,5.85,False
7,2026-03-01,4.0,0.2,4.2,False
7,2026-03-02,3.0,0.6,3.6,False
7,2026-03-03,2.0,0.7,2.7,False
7,2026-03-04,1.0,0.65,1.65,True
7,2026-03-05,0.0,1.05,1.05,True
7,2026-03-06,0.0,0.3,0.3,True
7,2026-03-07,4.0,1.1,5.1,False
7,2026-03-08,4.0,0.65,4.65,False
7,2026-03-09,3.0,0.6,3.6,False
7,2026-03-10,1.0,0.8,1.8,True
7,2026-03-11,0.0,1.05,1.05,True
7,2026-03-12,0.0,0.3,0.3,True
7,2026-03-13,5.0,0.4,5.4,False
7,2026-03-14,4.0,0.95,4.95,False
7,2026-03-15,3.0,0.3,3.3,False
7,2026-03-16,2.0,0.55,2.55,False
7,2026-03-17,1.0,0.5,1.5,True
7,2026-03-18,0.0,0.75,0.75,True
7,2026-03-19,5.0,0.85,5.85,False
7,2026-03-20,4.0,0.65,4.65,False
7,2026-03-21,1.0,1.1,2.1,False
7,2026-03-22,1.0,0.2,1.2,True
7,2026-03-23,5.0,0.85,5.85,False
7,2026-03-24,4.0,0.8,4.8,False
7,2026-03-25,4.0,0.65,4.65,False
7,2026-03-26,3.0,0.3,3.3,False
7,2026-03-27,2.0,0.7,2.7,False
7,2026-03-28,2.0,0.25,2.25,False
7,2026-03-29,1.0,0.5,1.5,True
7,2026-03-30,0.0,0.9,0.9,True
7,2026-03-31,0.0,0.6,0.6,True
7,2026-04-01,0.0,0.3,0.3,True
7,2026-04-02,5.0,0.7,5.7,False
7,2026-04-03,4.0,1.1,5.1,False
7,2026-04-04,3.0,1.05,4.05,False
7,2026-04-05,2.0,0.55,2.55,False
7,2026-04-06,2.0,0.25,2.25,False
7,2026-04-07,1.0,0.8,1.8,True
7,2026-04-08,0.0,1.05,1.05,True
7,2026-04-09,0.0,0.3,0.3,True
7,2026-04-10,4.0,1.1,5.1,False
7,2026-04-11,3.0,0.6,3.6,False
7,2026-04-12,2.0,1.15,3.15,False
7,2026-04-13,2.0,0.25,2.25,False
7,2026-04-14,1.0,1.25,2.25,False
7,2026-04-15,1.0,1.1,2.1,False
7,2026-04-16,1.0,0.35,1.35,True
7,2026-04-17,0.0,0.3,0.3,True
7,2026-04-18,5.0,0.4,5.4,False
7,2026-04-19,4.0,0.95,4.95,False
7,2026-04-20,4.0,0.35,4.35,False
7,2026-04-21,3.0,1.05,4.05,False
7,2026-04-22,3.0,0.9,3.9,False
7,2026-04-23,3.0,0.6,3.6,False
7,2026-04-24,2.0,0.4,2.4,False
7,2026-04-25,1.0,0.65,1.65,True
7,2026-04-26,1.0,0.5,1.5,True
7,2026-04-27,1.0,0.35,1.35,True
7,2026-04-28,0.0,0.6,0.6,True
7,2026-04-29,5.0,1.15,6.15,False
7,2026-04-30,5.0,1.0,6.0,False
7,2026-05-01,5.0,0.55,5.55,False
7,2026-05-02,4.0,0.8,4.8,False
7,2026-05-03,4.0,0.35,4.35,False
7,2026-05-04,3.0,1.05,4.05,False
7,2026-05-05,3.0,1.05,4.05,False
7,2026-05-06,3.0,1.05,4.05,False
7,2026-05-07,3.0,1.05,4.05,False
7,2026-05-08,3.0,1.05,4.05,False
7,2026-05-09,3.0,1.05,4.05,False
7,2026-05-10,2.0,1.0,3.0,False
7,2026-05-11,2.0,0.4,2.4,False
7,2026-05-12,1.0,0.8,1.8,True
7,2026-05-13,1.0,0.5,1.5,True
7,2026-05-14,1.0,0.35,1.35,True
7,2026-05-15,0.0,0.9,0.9,True
7,2026-05-16,0.0,0.45,0.45,True
7,2026-05-17,5.0,0.7,5.7,False
7,2026-05-18,5.0,0.25,5.25,False
7,2026-05-19,4.0,0.95,4.95,False
7,2026-05-20,4.0,0.35,4.35,False
7,2026-05-21,3.0,1.35,4.35,False
7,2026-05-22,3.0,0.75,3.75,False
7,2026-05-23,3.0,0.3,3.3,False
7,2026-05-24,2.0,1.15,3.15,False
7,2026-05-25,2.0,0.85,2.85,False
7,2026-05-26,2.0,0.85,2.85,False
7,2026-05-27,2.0,0.55,2.55,False
7,2026-05-28,1.0,0.8,1.8,True
7,2026-05-29,0.0,1.05,1.05,True
7,2026-05-30,5.0,1.0,6.0,False
7,2026-05-31,5.0,0.25,5.25,False
7,2026-06-01,4.0,0.65,4.65,False
7,2026-06-02,4.0,0.35,4.35,False
7,2026-06-03,3.0,0.9,3.9,False
7,2026-06-04,2.0,1.0,3.0,False
7,2026-06-05,2.0,1.0,3.0,False
7,2026-06-06,2.0,0.4,2.4,False
7,2026-06-07,1.0,1.25,2.25,False
7,2026-06-08,1.0,0.65,1.65,True
7,2026-06-09,1.0,0.65,1.65,True
7,2026-06-10,0.0,0.35,0.35,True
7,2026-06-11,5.0,0.9,5.9,False
7,2026-06-12,5.0,0.45,5.45,False
7,2026-06-13,4.0,1.0,5.0,False
7,2026-06-14,4.0,0.25,4.25,False
7,2026-06-15,3.0,1.1,4.1,False
7,2026-06-16,3.0,0.65,3.65,False
7,2026-06-17,3.0,0.5,3.5,False
7,2026-06-18,2.0,0.9,2.9,False
7,2026-06-19,2.0,0.3,2.3,False
7,2026-06-20,1.0,1.0,2.0,False
7,2026-06-21,0.0,0.35,0.35,True
7,2026-06-22,5.0,0.75,5.75,False
7,2026-06-23,4.0,0.85,4.85,False
7,2026-06-24,4.0,0.4,4.4,False
7,2026-06-25,3.0,1.1,4.1,False
7,2026-06-26,3.0,0.2,3.2,False
7,2026-06-27,2.0,0.9,2.9,False
7,2026-06-28,2.0,0.6,2.6,False
7,2026-06-29,1.0,1.15,2.15,False
7,2026-06-30,1.0,0.55,1.55,True
7,2026-07-01,1.0,0.55,1.55,True
7,2026-07-02,0.0,0.65,0.65,True
7,2026-07-03,5.0,1.05,6.05,False
7,2026-07-04,5.0,0.9,5.9,False
7,2026-07-05,4.0,1.15,5.15,False
7,2026-07-06,4.0,1.0,5.0,False
7,2026-07-07,4.0,0.55,4.55,False
7,2026-07-08,3.0,0.8,3.8,False
7,2026-07-09,3.0,0.2,3.2,False
7,2026-07-10,1.0,0.45,1.45,True
7,2026-07-11,0.0,0.85,0.85,True
7,2026-07-12,0.0,0.55,0.55,True
7,2026-07-13,0.0,0.346,0.346,True
7,2026-07-14,5.0,0.896,5.896,False
7,2026-07-15,5.0,0.746,5.746,False
7,2026-07-16,4.0,1.146,5.146,False
7,2026-07-17,4.0,0.996,4.996,False
7,2026-07-18,4.0,0.546,4.546,False
7,2026-07-19,4.0,0.246,4.246,False
7,2026-07-20,3.0,0.796,3.796,False
7,2026-07-21,2.0,1.196,3.196,False
7,2026-07-22,2.0,0.596,2.596,False
7,2026-07-23,2.0,0.296,2.296,False
8,2026-01-25,100.0,71.0,171.0,False
8,2026-01-26,100.0,62.0,162.0,False
8,2026-01-27,100.0,52.0,152.0,False
8,2026-01-28,100.0,45.0,145.0,True
8,2026-01-29,100.0,34.0,134.0,True
8,2026-01-30,100.0,15.0,115.0,True
8,2026-01-31,0.0,87.0,87.0,True
8,2026-02-01,0.0,63.0,63.0,True
8,2026-02-02,0.0,42.0,42.0,True
8,2026-02-03,0.0,28.0,28.0,True
8,2026-02-04,0.0,7.0,7.0,True
8,2026-02-05,100.0,93.0,193.0,False
8,2026-02-06,100.0,79.0,179.0,False
8,2026-02-07,100.0,51.0,151.0,False
8,2026-02-08,100.0,30.0,130.0,True
8,2026-02-09,100.0,23.0,123.0,True
8,2026-02-10,0.0,115.0,115.0,True
8,2026-02-11,0.0,102.0,102.0,True
8,2026-02-12,0.0,87.0,87.0,True
8,2026-02-13,0.0,70.0,70.0,True
8,2026-02-14,0.0,48.0,48.0,True
8,2026-02-15,0.0,29.0,29.0,True
8,2026-02-16,0.0,19.0,19.0,True
8,2026-02-17,100.0,106.0,206.0,False
8,2026-02-18,100.0,92.0,192.0,False
8,2026-02-19,100.0,78.0,178.0,False
8,2026-02-20,100.0,59.0,159.0,False
8,2026-02-21,100.0,34.0,134.0,True
8,2026-02-22,100.0,14.0,114.0,True
8,2026-02-23,0.0,104.0,104.0,True
8,2026-02-24,0.0,97.0,97.0,True
8,2026-02-25,0.0,88.0,88.0,True
8,2026-02-26,0.0,69.0,69.0,True
8,2026-02-27,0.0,55.0,55.0,True
8,2026-02-28,0.0,33.0,33.0,True
8,2026-03-01,0.0,12.0,12.0,True
8,2026-03-02,100.0,97.0,197.0,False
8,2026-03-03,100.0,82.0,182.0,False
8,2026-03-04,100.0,63.0,163.0,False
8,2026-03-05,100.0,52.0,152.0,False
8,2026-03-06,100.0,40.0,140.0,True
8,2026-03-07,100.0,0.0,100.0,True
8,2026-03-08,0.0,72.0,72.0,True
8,2026-03-09,0.0,63.0,63.0,True
8,2026-03-10,0.0,48.0,48.0,True
8,2026-03-11,0.0,35.0,35.0,True
8,2026-03-12,0.0,13.0,13.0,True
8,2026-03-13,100.0,91.0,191.0,False
8,2026-03-14,100.0,58.0,158.0,False
8,2026-03-15,100.0,25.0,125.0,True
8,2026-03-16,100.0,12.0,112.0,True
8,2026-03-17,0.0,107.0,107.0,True
8,2026-03-18,0.0,95.0,95.0,True
8,2026-03-19,0.0,82.0,82.0,True
8,2026-03-20,0.0,64.0,64.0,True
8,2026-03-21,0.0,50.0,50.0,True
8,2026-03-22,0.0,25.0,25.0,True
8,2026-03-23,100.0,99.0,199.0,False
8,2026-03-24,100.0,86.0,186.0,False
8,2026-03-25,100.0,74.0,174.0,False
8,2026-03-26,100.0,58.0,158.0,False
8,2026-03-27,100.0,39.0,139.0,True
8,2026-03-28,100.0,18.0,118.0,True
8,2026-03-29,0.0,92.0,92.0,True
8,2026-03-30,0.0,84.0,84.0,True
8,2026-03-31,0.0,77.0,77.0,True
8,2026-04-01,0.0,66.0,66.0,True
8,2026-04-02,0.0,37.0,37.0,True
8,2026-04-03,0.0,19.0,19.0,True
8,2026-04-04,100.0,75.0,175.0,False
8,2026-04-05,100.0,51.0,151.0,False
8,2026-04-06,100.0,30.0,130.0,True
8,2026-04-07,100.0,11.0,111.0,True
8,2026-04-08,0.0,84.0,84.0,True
8,2026-04-09,0.0,57.0,57.0,True
8,2026-04-10,0.0,23.0,23.0,True
8,2026-04-11,100.0,92.0,192.0,False
8,2026-04-12,100.0,57.0,157.0,False
8,2026-04-13,100.0,28.0,128.0,True
8,2026-04-14,100.0,14.0,114.0,True
8,2026-04-15,0.0,101.0,101.0,True
8,2026-04-16,0.0,72.0,72.0,True
8,2026-04-17,0.0,50.0,50.0,True
8,2026-04-18,0.0,22.0,22.0,True
8,2026-04-19,100.0,89.0,189.0,False
8,2026-04-20,100.0,78.0,178.0,False
8,2026-04-21,100.0,55.0,155.0,False
8,2026-04-22,100.0,41.0,141.0,True
8,2026-04-23,100.0,6.0,106.0,True
8,2026-04-24,0.0,87.0,87.0,True
8,2026-04-25,0.0,36.0,36.0,True
8,2026-04-26,100.0,99.0,199.0,False
8,2026-04-27,100.0,84.0,184.0,False
8,2026-04-28,100.0,69.0,169.0,False
8,2026-04-29,100.0,52.0,152.0,False
8,2026-04-30,100.0,28.0,128.0,True
8,2026-05-01,100.0,6.0,106.0,True
8,2026-05-02,0.0,53.0,53.0,True
8,2026-05-03,0.0,13.0,13.0,True
8,2026-05-04,100.0,86.0,186.0,False
8,2026-05-05,100.0,86.0,186.0,False
8,2026-05-06,100.0,86.0,186.0,False
8,2026-05-07,100.0,86.0,186.0,False
8,2026-05-08,100.0,86.0,186.0,False
8,2026-05-09,100.0,86.0,186.0,False
8,2026-05-10,100.0,54.0,154.0,False
8,2026-05-11,100.0,27.0,127.0,True
8,2026-05-12,100.0,0.0,100.0,True
8,2026-05-13,0.0,82.0,82.0,True
8,2026-05-14,0.0,59.0,59.0,True
8,2026-05-15,0.0,24.0,24.0,True
8,2026-05-16,100.0,95.0,195.0,False
8,2026-05-17,100.0,68.0,168.0,False
8,2026-05-18,100.0,50.0,150.0,False
8,2026-05-19,100.0,28.0,128.0,True
8,2026-05-20,100.0,11.0,111.0,True
8,2026-05-21,0.0,89.0,89.0,True
8,2026-05-22,0.0,63.0,63.0,True
8,2026-05-23,0.0,40.0,40.0,True
8,2026-05-24,0.0,7.0,7.0,True
8,2026-05-25,100.0,88.0,188.0,False
8,2026-05-26,100.0,75.0,175.0,False
8,2026-05-27,100.0,58.0,158.0,False
8,2026-05-28,100.0,36.0,136.0,True
8,2026-05-29,100.0,8.0,108.0,True
8,2026-05-30,0.0,68.0,68.0,True
8,2026-05-31,0.0,36.0,36.0,True
8,2026-06-01,100.0,98.0,198.0,False
8,2026-06-02,100.0,60.0,160.0,False
8,2026-06-03,100.0,29.0,129.0,True
8,2026-06-04,0.0,96.0,96.0,True
8,2026-06-05,0.0,50.0,50.0,True
8,2026-06-06,0.0,4.0,4.0,True
8,2026-06-07,100.0,73.0,173.0,False
8,2026-06-08,100.0,45.0,145.0,True
8,2026-06-09,100.0,27.0,127.0,True
8,2026-06-10,102.0,1.0,103.0,True
8,2026-06-11,2.0,70.0,72.0,True
8,2026-06-12,2.0,25.0,27.0,True
8,2026-06-13,102.0,76.0,178.0,False
8,2026-06-14,102.0,21.0,123.0,True
8,2026-06-15,2.0,90.0,92.0,True
8,2026-06-16,2.0,69.0,71.0,True
8,2026-06-17,2.0,41.0,43.0,True
8,2026-06-18,102.0,94.0,196.0,False
8,2026-06-19,102.0,61.0,163.0,False
8,2026-06-20,102.0,25.0,127.0,True
8,2026-06-21,2.0,72.0,74.0,True
8,2026-06-22,2.0,33.0,35.0,True
8,2026-06-23,102.0,99.0,201.0,False
8,2026-06-24,102.0,74.0,176.0,False
8,2026-06-25,102.0,40.0,142.0,True
8,2026-06-26,102.0,2.0,104.0,True
8,2026-06-27,2.0,39.0,41.0,True
8,2026-06-28,102.0,90.0,192.0,False
8,2026-06-29,102.0,68.0,170.0,False
8,2026-06-30,102.0,38.0,140.0,True
8,2026-07-01,102.0,22.0,124.0,True
8,2026-07-02,2.0,91.0,93.0,True
8,2026-07-03,2.0,41.0,43.0,True
8,2026-07-04,102.0,97.0,199.0,False
8,2026-07-05,102.0,53.0,155.0,False
8,2026-07-06,102.0,29.0,131.0,True
8,2026-07-07,102.0,11.0,113.0,True
8,2026-07-08,2.0,83.0,85.0,True
8,2026-07-09,2.0,49.0,51.0,True
8,2026-07-10,2.0,16.0,18.0,True
8,2026-07-11,102.0,56.0,158.0,False
8,2026-07-12,102.0,4.0,106.0,True
8,2026-07-13,2.0,86.0,88.0,True
8,2026-07-14,2.0,53.0,55.0,True
8,2026-07-15,2.0,30.0,32.0,True
8,2026-07-16,102.0,93.0,195.0,False
8,2026-07-17,102.0,46.0,148.0,True
8,2026-07-18,2.0,98.0,100.0,True
8,2026-07-19,2.0,57.0,59.0,True
8,2026-07-20,2.0,41.0,43.0,True
8,2026-07-21,2.0,11.0,13.0,True
8,2026-07-22,102.0,87.0,189.0,False
8,2026-07-23,102.0,49.0,151.0,False
9,2026-01-25,49.0,66.0,115.0,False
9,2026-01-26,49.0,48.0,97.0,True
9,2026-01-27,49.0,23.0,72.0,True
9,2026-01-28,99.0,104.0,203.0,False
9,2026-01-29,99.0,86.0,185.0,False
9,2026-01-30,99.0,70.0,169.0,False
9,2026-01-31,99.0,56.0,155.0,False
9,2026-02-01,99.0,24.0,123.0,False
9,2026-02-02,149.0,107.0,256.0,False
9,2026-02-03,149.0,92.0,241.0,False
9,2026-02-04,149.0,76.0,225.0,False
9,2026-02-05,149.0,61.0,210.0,False
9,2026-02-06,149.0,48.0,197.0,False
9,2026-02-07,149.0,29.0,178.0,False
9,2026-02-08,149.0,6.0,155.0,False
9,2026-02-09,49.0,97.0,146.0,False
9,2026-02-10,50.0,85.0,135.0,False
9,2026-02-11,50.0,67.0,117.0,False
9,2026-02-12,50.0,50.0,100.0,False
9,2026-02-13,50.0,19.0,69.0,True
9,2026-02-14,100.0,92.0,192.0,False
9,2026-02-15,100.0,64.0,164.0,False
9,2026-02-16,100.0,53.0,153.0,False
9,2026-02-17,100.0,39.0,139.0,False
9,2026-02-18,100.0,20.0,120.0,False
9,2026-02-19,0.0,102.0,102.0,False
9,2026-02-20,0.0,90.0,90.0,True
9,2026-02-21,0.0,67.0,67.0,True
9,2026-02-22,0.0,38.0,38.0,True
9,2026-02-23,0.0,19.0,19.0,True
9,2026-02-24,50.0,100.0,150.0,False
9,2026-02-25,50.0,89.0,139.0,False
9,2026-02-26,50.0,70.0,120.0,False
9,2026-02-27,50.0,51.0,101.0,False
9,2026-02-28,50.0,18.0,68.0,True
9,2026-03-01,100.0,95.0,195.0,False
9,2026-03-02,100.0,84.0,184.0,False
9,2026-03-03,100.0,70.0,170.0,False
9,2026-03-04,100.0,54.0,154.0,False
9,2026-03-05,100.0,44.0,144.0,False
9,2026-03-06,100.0,30.0,130.0,False
9,2026-03-07,0.0,97.0,97.0,True
9,2026-03-08,0.0,76.0,76.0,True
9,2026-03-09,0.0,60.0,60.0,True
9,2026-03-10,0.0,37.0,37.0,True
9,2026-03-11,0.0,15.0,15.0,True
9,2026-03-12,50.0,98.0,148.0,False
9,2026-03-13,50.0,74.0,124.0,False
9,2026-03-14,50.0,49.0,99.0,True
9,2026-03-15,50.0,19.0,69.0,True
9,2026-03-16,50.0,5.0,55.0,True
9,2026-03-17,100.0,87.0,187.0,False
9,2026-03-18,100.0,77.0,177.0,False
9,2026-03-19,100.0,59.0,159.0,False
9,2026-03-20,100.0,39.0,139.0,False
9,2026-03-21,0.0,89.0,89.0,True
9,2026-03-22,0.0,70.0,70.0,True
9,2026-03-23,0.0,47.0,47.0,True
9,2026-03-24,0.0,28.0,28.0,True
9,2026-03-25,0.0,9.0,9.0,True
9,2026-03-26,50.0,75.0,125.0,False
9,2026-03-27,50.0,56.0,106.0,False
9,2026-03-28,50.0,33.0,83.0,True
9,2026-03-29,50.0,10.0,60.0,True
9,2026-03-30,100.0,89.0,189.0,False
9,2026-03-31,100.0,82.0,182.0,False
9,2026-04-01,100.0,68.0,168.0,False
9,2026-04-02,100.0,52.0,152.0,False
9,2026-04-03,100.0,40.0,140.0,False
9,2026-04-04,100.0,14.0,114.0,False
9,2026-04-05,0.0,88.0,88.0,True
9,2026-04-06,0.0,76.0,76.0,True
9,2026-04-07,0.0,70.0,70.0,True
9,2026-04-08,0.0,54.0,54.0,True
9,2026-04-09,0.0,34.0,34.0,True
9,2026-04-10,0.0,6.0,6.0,True
9,2026-04-11,50.0,71.0,121.0,False
9,2026-04-12,50.0,49.0,99.0,True
9,2026-04-13,50.0,28.0,78.0,True
9,2026-04-14,50.0,20.0,70.0,True
9,2026-04-15,100.0,110.0,210.0,False
9,2026-04-16,100.0,89.0,189.0,False
9,2026-04-17,100.0,67.0,167.0,False
9,2026-04-18,100.0,45.0,145.0,False
9,2026-04-19,100.0,27.0,127.0,False
9,2026-04-20,100.0,14.0,114.0,False
9,2026-04-21,0.0,102.0,102.0,False
9,2026-04-22,0.0,88.0,88.0,True
9,2026-04-23,0.0,71.0,71.0,True
9,2026-04-24,0.0,55.0,55.0,True
9,2026-04-25,0.0,27.0,27.0,True
9,2026-04-26,0.0,11.0,11.0,True
9,2026-04-27,50.0,101.0,151.0,False
9,2026-04-28,50.0,86.0,136.0,False
9,2026-04-29,50.0,77.0,127.0,False
9,2026-04-30,50.0,56.0,106.0,False
9,2026-05-01,50.0,32.0,82.0,True
9,2026-05-02,50.0,3.0,53.0,True
9,2026-05-03,100.0,84.0,184.0,False
9,2026-05-04,100.0,70.0,170.0,False
9,2026-05-05,100.0,70.0,170.0,False
9,2026-05-06,100.0,70.0,170.0,False
9,2026-05-07,100.0,70.0,170.0,False
9,2026-05-08,100.0,70.0,170.0,False
9,2026-05-09,100.0,70.0,170.0,False
9,2026-05-10,100.0,49.0,149.0,False
9,2026-05-11,100.0,36.0,136.0,False
9,2026-05-12,100.0,26.0,126.0,False
9,2026-05-13,100.0,12.0,112.0,False
9,2026-05-14,0.0,95.0,95.0,True
9,2026-05-15,0.0,67.0,67.0,True
9,2026-05-16,0.0,58.0,58.0,True
9,2026-05-17,0.0,34.0,34.0,True
9,2026-05-18,0.0,18.0,18.0,True
9,2026-05-19,50.0,106.0,156.0,False
9,2026-05-20,50.0,92.0,142.0,False
9,2026-05-21,50.0,85.0,135.0,False
9,2026-05-22,50.0,74.0,124.0,False
9,2026-05-23,50.0,58.0,108.0,False
9,2026-05-24,50.0,43.0,93.0,True
9,2026-05-25,50.0,30.0,80.0,True
9,2026-05-26,50.0,26.0,76.0,True
9,2026-05-27,50.0,15.0,65.0,True
9,2026-05-28,100.0,92.0,192.0,False
9,2026-05-29,100.0,76.0,176.0,False
9,2026-05-30,100.0,51.0,151.0,False
9,2026-05-31,100.0,21.0,121.0,False
9,2026-06-01,0.0,113.0,113.0,False
9,2026-06-02,0.0,105.0,105.0,False
9,2026-06-03,0.0,92.0,92.0,True
9,2026-06-04,0.0,80.0,80.0,True
9,2026-06-05,0.0,70.0,70.0,True
9,2026-06-06,0.0,48.0,48.0,True
9,2026-06-07,0.0,40.0,40.0,True
9,2026-06-08,0.0,25.0,25.0,True
9,2026-06-09,0.0,13.0,13.0,True
9,2026-06-10,51.0,99.0,150.0,False
9,2026-06-11,51.0,86.0,137.0,False
9,2026-06-12,51.0,71.0,122.0,False
9,2026-06-13,51.0,49.0,100.0,False
9,2026-06-14,51.0,32.0,83.0,True
9,2026-06-15,51.0,16.0,67.0,True
9,2026-06-16,101.0,104.0,205.0,False
9,2026-06-17,101.0,87.0,188.0,False
9,2026-06-18,101.0,69.0,170.0,False
9,2026-06-19,101.0,54.0,155.0,False
9,2026-06-20,101.0,38.0,139.0,False
9,2026-06-21,101.0,10.0,111.0,False
9,2026-06-22,1.0,94.0,95.0,True
9,2026-06-23,1.0,71.0,72.0,True
9,2026-06-24,1.0,65.0,66.0,True
9,2026-06-25,1.0,49.0,50.0,True
9,2026-06-26,1.0,32.0,33.0,True
9,2026-06-27,1.0,10.0,11.0,True
9,2026-06-28,51.0,88.0,139.0,False
9,2026-06-29,51.0,80.0,131.0,False
9,2026-06-30,51.0,66.0,117.0,False
9,2026-07-01,51.0,57.0,108.0,False
9,2026-07-02,51.0,35.0,86.0,True
9,2026-07-03,51.0,22.0,73.0,True
9,2026-07-04,101.0,104.0,205.0,False
9,2026-07-05,101.0,72.0,173.0,False
9,2026-07-06,101.0,57.0,158.0,False
9,2026-07-07,101.0,49.0,150.0,False
9,2026-07-08,101.0,30.0,131.0,False
9,2026-07-09,101.0,14.0,115.0,False
9,2026-07-10,0.0,93.0,93.0,True
9,2026-07-11,0.0,59.0,59.0,True
9,2026-07-12,0.0,38.0,38.0,True
9,2026-07-13,0.0,29.0,29.0,True
9,2026-07-14,0.0,15.0,15.0,True
9,2026-07-15,50.0,106.0,156.0,False
9,2026-07-16,50.0,91.0,141.0,False
9,2026-07-17,50.0,75.0,125.0,False
9,2026-07-18,50.0,44.0,94.0,True
9,2026-07-19,50.0,15.0,65.0,True
9,2026-07-20,100.0,98.0,198.0,False
9,2026-07-21,100.0,86.0,186.0,False
9,2026-07-22,100.0,76.0,176.0,False
9,2026-07-23,53.0,0.0,53.0,True
10,2026-01-25,150.0,116.0,266.0,False
10,2026-01-26,150.0,98.0,248.0,False
10,2026-01-27,150.0,73.0,223.0,False
10,2026-01-28,150.0,54.0,204.0,False
10,2026-01-29,150.0,36.0,186.0,False
10,2026-01-30,0.0,170.0,170.0,False
10,2026-01-31,0.0,156.0,156.0,False
10,2026-02-01,0.0,124.0,124.0,True
10,2026-02-02,0.0,107.0,107.0,True
10,2026-02-03,0.0,92.0,92.0,True
10,2026-02-04,0.0,76.0,76.0,True
10,2026-02-05,0.0,61.0,61.0,True
10,2026-02-06,0.0,48.0,48.0,True
10,2026-02-07,0.0,29.0,29.0,True
10,2026-02-08,150.0,156.0,306.0,False
10,2026-02-09,150.0,147.0,297.0,False
10,2026-02-10,150.0,135.0,285.0,False
10,2026-02-11,150.0,117.0,267.0,False
10,2026-02-12,150.0,100.0,250.0,False
10,2026-02-13,150.0,69.0,219.0,False
10,2026-02-14,150.0,42.0,192.0,False
10,2026-02-15,150.0,14.0,164.0,False
10,2026-02-16,0.0,153.0,153.0,False
10,2026-02-17,0.0,139.0,139.0,True
10,2026-02-18,0.0,120.0,120.0,True
10,2026-02-19,0.0,102.0,102.0,True
10,2026-02-20,0.0,90.0,90.0,True
10,2026-02-21,0.0,67.0,67.0,True
10,2026-02-22,0.0,38.0,38.0,True
10,2026-02-23,0.0,19.0,19.0,True
10,2026-02-24,150.0,150.0,300.0,False
10,2026-02-25,150.0,139.0,289.0,False
10,2026-02-26,150.0,120.0,270.0,False
10,2026-02-27,150.0,101.0,251.0,False
10,2026-02-28,150.0,68.0,218.0,False
10,2026-03-01,150.0,45.0,195.0,False
10,2026-03-02,150.0,34.0,184.0,False
10,2026-03-03,0.0,170.0,170.0,False
10,2026-03-04,0.0,154.0,154.0,False
10,2026-03-05,0.0,144.0,144.0,True
10,2026-03-06,0.0,130.0,130.0,True
10,2026-03-07,0.0,97.0,97.0,True
10,2026-03-08,0.0,76.0,76.0,True
10,2026-03-09,0.0,60.0,60.0,True
10,2026-03-10,0.0,37.0,37.0,True
10,2026-03-11,150.0,165.0,315.0,False
10,2026-03-12,150.0,148.0,298.0,False
10,2026-03-13,150.0,124.0,274.0,False
10,2026-03-14,150.0,99.0,249.0,False
10,2026-03-15,150.0,69.0,219.0,False
10,2026-03-16,150.0,55.0,205.0,False
10,2026-03-17,150.0,37.0,187.0,False
10,2026-03-18,0.0,177.0,177.0,False
10,2026-03-19,0.0,159.0,159.0,False
10,2026-03-20,0.0,139.0,139.0,True
10,2026-03-21,0.0,89.0,89.0,True
10,2026-03-22,0.0,70.0,70.0,True
10,2026-03-23,0.0,47.0,47.0,True
10,2026-03-24,0.0,28.0,28.0,True
10,2026-03-25,150.0,159.0,309.0,False
10,2026-03-26,150.0,125.0,275.0,False
10,2026-03-27,150.0,106.0,256.0,False
10,2026-03-28,150.0,83.0,233.0,False
10,2026-03-29,150.0,60.0,210.0,False
10,2026-03-30,150.0,39.0,189.0,False
10,2026-03-31,150.0,32.0,182.0,False
10,2026-04-01,0.0,168.0,168.0,False
10,2026-04-02,0.0,152.0,152.0,False
10,2026-04-03,0.0,140.0,140.0,True
10,2026-04-04,0.0,114.0,114.0,True
10,2026-04-05,0.0,88.0,88.0,True
10,2026-04-06,0.0,76.0,76.0,True
10,2026-04-07,0.0,70.0,70.0,True
10,2026-04-08,0.0,54.0,54.0,True
10,2026-04-09,0.0,34.0,34.0,True
10,2026-04-10,150.0,156.0,306.0,False
10,2026-04-11,150.0,121.0,271.0,False
10,2026-04-12,150.0,99.0,249.0,False
10,2026-04-13,150.0,78.0,228.0,False
10,2026-04-14,150.0,70.0,220.0,False
10,2026-04-15,150.0,60.0,210.0,False
10,2026-04-16,150.0,39.0,189.0,False
10,2026-04-17,150.0,17.0,167.0,False
10,2026-04-18,0.0,145.0,145.0,True
10,2026-04-19,0.0,127.0,127.0,True
10,2026-04-20,0.0,114.0,114.0,True
10,2026-04-21,0.0,102.0,102.0,True
10,2026-04-22,0.0,88.0,88.0,True
10,2026-04-23,0.0,71.0,71.0,True
10,2026-04-24,0.0,55.0,55.0,True
10,2026-04-25,0.0,27.0,27.0,True
10,2026-04-26,150.0,161.0,311.0,False
10,2026-04-27,150.0,151.0,301.0,False
10,2026-04-28,150.0,136.0,286.0,False
10,2026-04-29,150.0,127.0,277.0,False
10,2026-04-30,150.0,106.0,256.0,False
10,2026-05-01,150.0,82.0,232.0,False
10,2026-05-02,150.0,53.0,203.0,False
10,2026-05-03,150.0,34.0,184.0,False
10,2026-05-04,0.0,170.0,170.0,False
10,2026-05-05,0.0,170.0,170.0,False
10,2026-05-06,0.0,170.0,170.0,False
10,2026-05-07,0.0,170.0,170.0,False
10,2026-05-08,0.0,170.0,170.0,False
10,2026-05-09,0.0,170.0,170.0,False
10,2026-05-10,0.0,149.0,149.0,True
10,2026-05-11,0.0,136.0,136.0,True
10,2026-05-12,0.0,126.0,126.0,True
10,2026-05-13,0.0,112.0,112.0,True
10,2026-05-14,0.0,95.0,95.0,True
10,2026-05-15,0.0,67.0,67.0,True
10,2026-05-16,0.0,58.0,58.0,True
10,2026-05-17,0.0,34.0,34.0,True
10,2026-05-18,150.0,168.0,318.0,False
10,2026-05-19,150.0,156.0,306.0,False
10,2026-05-20,150.0,142.0,292.0,False
10,2026-05-21,150.0,135.0,285.0,False
10,2026-05-22,150.0,124.0,274.0,False
10,2026-05-23,150.0,108.0,258.0,False
10,2026-05-24,150.0,93.0,243.0,False
10,2026-05-25,148.0,80.0,228.0,False
10,2026-05-26,148.0,76.0,224.0,False
10,2026-05-27,148.0,65.0,213.0,False
10,2026-05-28,148.0,42.0,190.0,False
10,2026-05-29,148.0,26.0,174.0,False
10,2026-05-30,298.0,151.0,449.0,False
10,2026-05-31,298.0,121.0,419.0,False
10,2026-06-01,298.0,113.0,411.0,False
10,2026-06-02,298.0,105.0,403.0,False
10,2026-06-03,298.0,92.0,390.0,False
10,2026-06-04,298.0,80.0,378.0,False
10,2026-06-05,298.0,70.0,368.0,False
10,2026-06-06,298.0,48.0,346.0,False
10,2026-06-07,298.0,40.0,338.0,False
10,2026-06-08,298.0,25.0,323.0,False
10,2026-06-09,148.0,163.0,311.0,False
10,2026-06-10,148.0,149.0,297.0,False
10,2026-06-11,148.0,136.0,284.0,False
10,2026-06-12,148.0,121.0,269.0,False
10,2026-06-13,148.0,99.0,247.0,False
10,2026-06-14,148.0,82.0,230.0,False
10,2026-06-15,148.0,66.0,214.0,False
10,2026-06-16,148.0,54.0,202.0,False
10,2026-06-17,148.0,37.0,185.0,False
10,2026-06-18,298.0,169.0,467.0,False
10,2026-06-19,298.0,154.0,452.0,False
10,2026-06-20,298.0,138.0,436.0,False
10,2026-06-21,298.0,110.0,408.0,False
10,2026-06-22,298.0,94.0,392.0,False
10,2026-06-23,298.0,71.0,369.0,False
10,2026-06-24,298.0,65.0,363.0,False
10,2026-06-25,298.0,49.0,347.0,False
10,2026-06-26,298.0,32.0,330.0,False
10,2026-06-27,148.0,160.0,308.0,False
10,2026-06-28,148.0,138.0,286.0,False
10,2026-06-29,148.0,130.0,278.0,False
10,2026-06-30,148.0,116.0,264.0,False
10,2026-07-01,148.0,107.0,255.0,False
10,2026-07-02,148.0,85.0,233.0,False
10,2026-07-03,148.0,72.0,220.0,False
10,2026-07-04,148.0,54.0,202.0,False
10,2026-07-05,148.0,22.0,170.0,False
10,2026-07-06,298.0,157.0,455.0,False
10,2026-07-07,298.0,149.0,447.0,False
10,2026-07-08,298.0,130.0,428.0,False
10,2026-07-09,298.0,114.0,412.0,False
10,2026-07-10,298.0,93.0,391.0,False
10,2026-07-11,298.0,59.0,357.0,False
10,2026-07-12,298.0,38.0,336.0,False
10,2026-07-13,298.0,29.0,327.0,False
10,2026-07-14,148.0,165.0,313.0,False
10,2026-07-15,148.0,156.0,304.0,False
10,2026-07-16,148.0,141.0,289.0,False
10,2026-07-17,148.0,125.0,273.0,False
10,2026-07-18,148.0,94.0,242.0,False
10,2026-07-19,148.0,65.0,213.0,False
10,2026-07-20,148.0,48.0,196.0,False
10,2026-07-21,148.0,36.0,184.0,False
10,2026-07-22,298.0,176.0,474.0,False
10,2026-07-23,298.0,160.0,458.0,False
11,2026-01-25,250.0,216.0,466.0,False
11,2026-01-26,250.0,198.0,448.0,False
11,2026-01-27,250.0,173.0,423.0,False
11,2026-01-28,250.0,154.0,404.0,False
11,2026-01-29,250.0,136.0,386.0,False
11,2026-01-30,250.0,120.0,370.0,False
11,2026-01-31,250.0,106.0,356.0,False
11,2026-02-01,250.0,74.0,324.0,False
11,2026-02-02,250.0,57.0,307.0,False
11,2026-02-03,0.0,292.0,292.0,False
11,2026-02-04,0.0,276.0,276.0,False
11,2026-02-05,0.0,261.0,261.0,False
11,2026-02-06,0.0,248.0,248.0,False
11,2026-02-07,0.0,229.0,229.0,False
11,2026-02-08,0.0,206.0,206.0,False
11,2026-02-09,0.0,197.0,197.0,True
11,2026-02-10,0.0,185.0,185.0,True
11,2026-02-11,0.0,167.0,167.0,True
11,2026-02-12,0.0,150.0,150.0,True
11,2026-02-13,0.0,119.0,119.0,True
11,2026-02-14,0.0,92.0,92.0,True
11,2026-02-15,0.0,64.0,64.0,True
11,2026-02-16,0.0,53.0,53.0,True
11,2026-02-17,250.0,289.0,539.0,False
11,2026-02-18,250.0,270.0,520.0,False
11,2026-02-19,250.0,252.0,502.0,False
11,2026-02-20,250.0,240.0,490.0,False
11,2026-02-21,250.0,217.0,467.0,False
11,2026-02-22,250.0,188.0,438.0,False
11,2026-02-23,250.0,169.0,419.0,False
11,2026-02-24,250.0,150.0,400.0,False
11,2026-02-25,250.0,139.0,389.0,False
11,2026-02-26,250.0,120.0,370.0,False
11,2026-02-27,250.0,101.0,351.0,False
11,2026-02-28,250.0,68.0,318.0,False
11,2026-03-01,250.0,45.0,295.0,False
11,2026-03-02,0.0,284.0,284.0,False
11,2026-03-03,0.0,270.0,270.0,False
11,2026-03-04,0.0,254.0,254.0,False
11,2026-03-05,0.0,244.0,244.0,False
11,2026-03-06,0.0,230.0,230.0,False
11,2026-03-07,0.0,197.0,197.0,True
11,2026-03-08,0.0,176.0,176.0,True
11,2026-03-09,0.0,160.0,160.0,True
11,2026-03-10,0.0,137.0,137.0,True
11,2026-03-11,0.0,115.0,115.0,True
11,2026-03-12,0.0,98.0,98.0,True
11,2026-03-13,0.0,74.0,74.0,True
11,2026-03-14,0.0,49.0,49.0,True
11,2026-03-15,250.0,269.0,519.0,False
11,2026-03-16,250.0,255.0,505.0,False
11,2026-03-17,250.0,237.0,487.0,False
11,2026-03-18,250.0,227.0,477.0,False
11,2026-03-19,250.0,209.0,459.0,False
11,2026-03-20,250.0,189.0,439.0,False
11,2026-03-21,250.0,139.0,389.0,False
11,2026-03-22,250.0,120.0,370.0,False
11,2026-03-23,250.0,97.0,347.0,False
11,2026-03-24,250.0,78.0,328.0,False
11,2026-03-25,250.0,59.0,309.0,False
11,2026-03-26,0.0,275.0,275.0,False
11,2026-03-27,0.0,256.0,256.0,False
11,2026-03-28,0.0,233.0,233.0,False
11,2026-03-29,0.0,210.0,210.0,False
11,2026-03-30,0.0,189.0,189.0,True
11,2026-03-31,0.0,182.0,182.0,True
11,2026-04-01,0.0,168.0,168.0,True
11,2026-04-02,0.0,152.0,152.0,True
11,2026-04-03,0.0,140.0,140.0,True
11,2026-04-04,0.0,114.0,114.0,True
11,2026-04-05,0.0,88.0,88.0,True
11,2026-04-06,0.0,76.0,76.0,True
11,2026-04-07,0.0,70.0,70.0,True
11,2026-04-08,0.0,54.0,54.0,True
11,2026-04-09,250.0,284.0,534.0,False
11,2026-04-10,250.0,256.0,506.0,False
11,2026-04-11,250.0,221.0,471.0,False
11,2026-04-12,250.0,199.0,449.0,False
11,2026-04-13,250.0,178.0,428.0,False
11,2026-04-14,250.0,170.0,420.0,False
11,2026-04-15,250.0,160.0,410.0,False
11,2026-04-16,250.0,139.0,389.0,False
11,2026-04-17,250.0,117.0,367.0,False
11,2026-04-18,250.0,95.0,345.0,False
11,2026-04-19,250.0,77.0,327.0,False
11,2026-04-20,250.0,64.0,314.0,False
11,2026-04-21,250.0,52.0,302.0,False
11,2026-04-22,0.0,288.0,288.0,False
11,2026-04-23,0.0,271.0,271.0,False
11,2026-04-24,0.0,255.0,255.0,False
11,2026-04-25,0.0,227.0,227.0,False
11,2026-04-26,0.0,211.0,211.0,False
11,2026-04-27,0.0,201.0,201.0,False
11,2026-04-28,0.0,186.0,186.0,True
11,2026-04-29,0.0,177.0,177.0,True
11,2026-04-30,0.0,156.0,156.0,True
11,2026-05-01,0.0,132.0,132.0,True
11,2026-05-02,0.0,103.0,103.0,True
11,2026-05-03,0.0,84.0,84.0,True
11,2026-05-04,0.0,70.0,70.0,True
11,2026-05-05,0.0,70.0,70.0,True
11,2026-05-06,0.0,70.0,70.0,True
11,2026-05-07,0.0,70.0,70.0,True
11,2026-05-08,0.0,70.0,70.0,True
11,2026-05-09,0.0,70.0,70.0,True
11,2026-05-10,0.0,49.0,49.0,True
11,2026-05-11,250.0,286.0,536.0,False
11,2026-05-12,250.0,276.0,526.0,False
11,2026-05-13,250.0,262.0,512.0,False
11,2026-05-14,250.0,245.0,495.0,False
11,2026-05-15,250.0,217.0,467.0,False
11,2026-05-16,250.0,208.0,458.0,False
11,2026-05-17,250.0,184.0,434.0,False
11,2026-05-18,250.0,168.0,418.0,False
11,2026-05-19,250.0,156.0,406.0,False
11,2026-05-20,250.0,142.0,392.0,False
11,2026-05-21,250.0,135.0,385.0,False
11,2026-05-22,250.0,124.0,374.0,False
11,2026-05-23,250.0,108.0,358.0,False
11,2026-05-24,250.0,93.0,343.0,False
11,2026-05-25,250.0,80.0,330.0,False
11,2026-05-26,250.0,76.0,326.0,False
11,2026-05-27,250.0,65.0,315.0,False
11,2026-05-28,250.0,42.0,292.0,False
11,2026-05-29,0.0,276.0,276.0,False
11,2026-05-30,0.0,251.0,251.0,False
11,2026-05-31,0.0,221.0,221.0,False
11,2026-06-01,0.0,213.0,213.0,False
11,2026-06-02,0.0,205.0,205.0,False
11,2026-06-03,0.0,192.0,192.0,True
11,2026-06-04,0.0,180.0,180.0,True
11,2026-06-05,0.0,170.0,170.0,True
11,2026-06-06,0.0,148.0,148.0,True
11,2026-06-07,0.0,140.0,140.0,True
11,2026-06-08,0.0,125.0,125.0,True
11,2026-06-09,0.0,113.0,113.0,True
11,2026-06-10,0.0,99.0,99.0,True
11,2026-06-11,0.0,86.0,86.0,True
11,2026-06-12,0.0,71.0,71.0,True
11,2026-06-13,0.0,49.0,49.0,True
11,2026-06-14,250.0,282.0,532.0,False
11,2026-06-15,250.0,266.0,516.0,False
11,2026-06-16,250.0,254.0,504.0,False
11,2026-06-17,250.0,237.0,487.0,False
11,2026-06-18,250.0,219.0,469.0,False
11,2026-06-19,250.0,204.0,454.0,False
11,2026-06-20,250.0,188.0,438.0,False
11,2026-06-21,250.0,160.0,410.0,False
11,2026-06-22,250.0,144.0,394.0,False
11,2026-06-23,250.0,121.0,371.0,False
11,2026-06-24,250.0,115.0,365.0,False
11,2026-06-25,250.0,99.0,349.0,False
11,2026-06-26,250.0,82.0,332.0,False
11,2026-06-27,250.0,60.0,310.0,False
11,2026-06-28,0.0,288.0,288.0,False
11,2026-06-29,0.0,280.0,280.0,False
11,2026-06-30,0.0,266.0,266.0,False
11,2026-07-01,0.0,257.0,257.0,False
11,2026-07-02,0.0,235.0,235.0,False
11,2026-07-03,0.0,222.0,222.0,False
11,2026-07-04,0.0,204.0,204.0,False
11,2026-07-05,0.0,172.0,172.0,True
11,2026-07-06,0.0,157.0,157.0,True
11,2026-07-07,0.0,149.0,149.0,True
11,2026-07-08,0.0,130.0,130.0,True
11,2026-07-09,0.0,114.0,114.0,True
11,2026-07-10,0.0,93.0,93.0,True
11,2026-07-11,0.0,59.0,59.0,True
11,2026-07-12,250.0,288.0,538.0,False
11,2026-07-13,250.0,279.0,529.0,False
11,2026-07-14,250.0,265.0,515.0,False
11,2026-07-15,250.0,256.0,506.0,False
11,2026-07-16,250.0,241.0,491.0,False
11,2026-07-17,250.0,225.0,475.0,False
11,2026-07-18,250.0,194.0,444.0,False
11,2026-07-19,250.0,165.0,415.0,False
11,2026-07-20,250.0,148.0,398.0,False
11,2026-07-21,250.0,136.0,386.0,False
11,2026-07-22,250.0,126.0,376.0,False
11,2026-07-23,250.0,110.0,360.0,False
12,2026-01-25,1600.0,334.0,1934.0,False
12,2026-01-26,1600.0,334.0,1934.0,False
12,2026-01-27,1600.0,334.0,1934.0,False
12,2026-01-28,1600.0,334.0,1934.0,False
12,2026-01-29,1600.0,334.0,1934.0,False
12,2026-01-30,1600.0,334.0,1934.0,False
12,2026-01-31,1600.0,334.0,1934.0,False
12,2026-02-01,1600.0,8.0,1608.0,False
12,2026-02-02,1200.0,408.0,1608.0,False
12,2026-02-03,1200.0,408.0,1608.0,False
12,2026-02-04,1200.0,408.0,1608.0,False
12,2026-02-05,1200.0,408.0,1608.0,False
12,2026-02-06,1200.0,408.0,1608.0,False
12,2026-02-07,1200.0,408.0,1608.0,False
12,2026-02-08,1200.0,106.0,1306.0,False
12,2026-02-09,1200.0,106.0,1306.0,False
12,2026-02-10,1200.0,106.0,1306.0,False
12,2026-02-11,1200.0,106.0,1306.0,False
12,2026-02-12,1200.0,106.0,1306.0,False
12,2026-02-13,1200.0,106.0,1306.0,False
12,2026-02-14,1200.0,106.0,1306.0,False
12,2026-02-15,800.0,204.0,1004.0,False
12,2026-02-16,800.0,204.0,1004.0,False
12,2026-02-17,800.0,204.0,1004.0,False
12,2026-02-18,800.0,204.0,1004.0,False
12,2026-02-19,800.0,204.0,1004.0,False
12,2026-02-20,800.0,204.0,1004.0,False
12,2026-02-21,800.0,204.0,1004.0,False
12,2026-02-22,400.0,237.0,637.0,False
12,2026-02-23,400.0,237.0,637.0,False
12,2026-02-24,400.0,237.0,637.0,False
12,2026-02-25,400.0,237.0,637.0,False
12,2026-02-26,400.0,237.0,637.0,False
12,2026-02-27,400.0,237.0,637.0,False
12,2026-02-28,400.0,237.0,637.0,False
12,2026-03-01,0.0,323.0,323.0,False
12,2026-03-02,0.0,323.0,323.0,False
12,2026-03-03,0.0,323.0,323.0,False
12,2026-03-04,0.0,323.0,323.0,False
12,2026-03-05,0.0,323.0,323.0,False
12,2026-03-06,0.0,323.0,323.0,False
12,2026-03-07,0.0,323.0,323.0,False
12,2026-03-08,600.0,254.0,854.0,False
12,2026-03-09,600.0,254.0,854.0,False
12,2026-03-10,600.0,254.0,854.0,False
12,2026-03-11,600.0,254.0,854.0,False
12,2026-03-12,600.0,254.0,854.0,False
12,2026-03-13,600.0,254.0,854.0,False
12,2026-03-14,600.0,254.0,854.0,False
12,2026-03-15,200.0,210.0,410.0,False
12,2026-03-16,200.0,210.0,410.0,False
12,2026-03-17,200.0,210.0,410.0,False
12,2026-03-18,200.0,210.0,410.0,False
12,2026-03-19,200.0,210.0,410.0,False
12,2026-03-20,200.0,210.0,410.0,False
12,2026-03-21,200.0,210.0,410.0,False
12,2026-03-22,800.0,292.0,1092.0,False
12,2026-03-23,800.0,292.0,1092.0,False
12,2026-03-24,800.0,292.0,1092.0,False
12,2026-03-25,800.0,292.0,1092.0,False
12,2026-03-26,800.0,292.0,1092.0,False
12,2026-03-27,800.0,292.0,1092.0,False
12,2026-03-28,800.0,292.0,1092.0,False
12,2026-03-29,400.0,186.0,586.0,False
12,2026-03-30,400.0,186.0,586.0,False
12,2026-03-31,400.0,186.0,586.0,False
12,2026-04-01,400.0,186.0,586.0,False
12,2026-04-02,400.0,186.0,586.0,False
12,2026-04-03,400.0,186.0,586.0,False
12,2026-04-04,400.0,186.0,586.0,False
12,2026-04-05,0.0,291.0,291.0,True
12,2026-04-06,0.0,291.0,291.0,True
12,2026-04-07,0.0,291.0,291.0,True
12,2026-04-08,0.0,291.0,291.0,True
12,2026-04-09,0.0,291.0,291.0,True
12,2026-04-10,0.0,291.0,291.0,True
12,2026-04-11,0.0,291.0,291.0,True
12,2026-04-12,600.0,367.0,967.0,False
12,2026-04-13,600.0,367.0,967.0,False
12,2026-04-14,600.0,367.0,967.0,False
12,2026-04-15,600.0,367.0,967.0,False
12,2026-04-16,600.0,367.0,967.0,False
12,2026-04-17,600.0,367.0,967.0,False
12,2026-04-18,600.0,367.0,967.0,False
12,2026-04-19,200.0,282.0,482.0,False
12,2026-04-20,200.0,282.0,482.0,False
12,2026-04-21,200.0,282.0,482.0,False
12,2026-04-22,200.0,282.0,482.0,False
12,2026-04-23,200.0,282.0,482.0,False
12,2026-04-24,200.0,282.0,482.0,False
12,2026-04-25,200.0,282.0,482.0,False
12,2026-04-26,800.0,191.0,991.0,False
12,2026-04-27,800.0,191.0,991.0,False
12,2026-04-28,800.0,191.0,991.0,False
12,2026-04-29,800.0,191.0,991.0,False
12,2026-04-30,800.0,191.0,991.0,False
12,2026-05-01,800.0,191.0,991.0,False
12,2026-05-02,800.0,191.0,991.0,False
12,2026-05-03,400.0,217.0,617.0,False
12,2026-05-04,400.0,217.0,617.0,False
12,2026-05-05,400.0,217.0,617.0,False
12,2026-05-06,400.0,217.0,617.0,False
12,2026-05-07,400.0,217.0,617.0,False
12,2026-05-08,400.0,217.0,617.0,False
12,2026-05-09,400.0,217.0,617.0,False
12,2026-05-10,400.0,98.0,498.0,False
12,2026-05-11,0.0,498.0,498.0,False
12,2026-05-12,0.0,498.0,498.0,False
12,2026-05-13,0.0,498.0,498.0,False
12,2026-05-14,0.0,498.0,498.0,False
12,2026-05-15,0.0,498.0,498.0,False
12,2026-05-16,0.0,498.0,498.0,False
12,2026-05-17,0.0,16.0,16.0,True
12,2026-05-18,600.0,416.0,1016.0,False
12,2026-05-19,600.0,416.0,1016.0,False
12,2026-05-20,600.0,416.0,1016.0,False
12,2026-05-21,600.0,416.0,1016.0,False
12,2026-05-22,600.0,416.0,1016.0,False
12,2026-05-23,600.0,416.0,1016.0,False
12,2026-05-24,600.0,86.0,686.0,False
12,2026-05-25,200.0,486.0,686.0,False
12,2026-05-26,200.0,486.0,686.0,False
12,2026-05-27,200.0,486.0,686.0,False
12,2026-05-28,200.0,486.0,686.0,False
12,2026-05-29,200.0,486.0,686.0,False
12,2026-05-30,200.0,486.0,686.0,False
12,2026-05-31,200.0,176.0,376.0,False
12,2026-06-01,200.0,176.0,376.0,False
12,2026-06-02,200.0,176.0,376.0,False
12,2026-06-03,200.0,176.0,376.0,False
12,2026-06-04,200.0,176.0,376.0,False
12,2026-06-05,200.0,176.0,376.0,False
12,2026-06-06,200.0,176.0,376.0,False
12,2026-06-07,400.0,398.0,798.0,False
12,2026-06-08,400.0,398.0,798.0,False
12,2026-06-09,400.0,398.0,798.0,False
12,2026-06-10,400.0,398.0,798.0,False
12,2026-06-11,400.0,398.0,798.0,False
12,2026-06-12,400.0,398.0,798.0,False
12,2026-06-13,400.0,398.0,798.0,False
12,2026-06-14,400.0,30.0,430.0,False
12,2026-06-15,0.0,430.0,430.0,False
12,2026-06-16,0.0,430.0,430.0,False
12,2026-06-17,0.0,430.0,430.0,False
12,2026-06-18,0.0,430.0,430.0,False
12,2026-06-19,0.0,430.0,430.0,False
12,2026-06-20,0.0,430.0,430.0,False
12,2026-06-21,600.0,227.0,827.0,False
12,2026-06-22,600.0,227.0,827.0,False
12,2026-06-23,600.0,227.0,827.0,False
12,2026-06-24,600.0,227.0,827.0,False
12,2026-06-25,600.0,227.0,827.0,False
12,2026-06-26,600.0,227.0,827.0,False
12,2026-06-27,600.0,227.0,827.0,False
12,2026-06-28,200.0,63.0,263.0,True
12,2026-06-29,800.0,463.0,1263.0,False
12,2026-06-30,800.0,463.0,1263.0,False
12,2026-07-01,800.0,463.0,1263.0,False
12,2026-07-02,800.0,463.0,1263.0,False
12,2026-07-03,800.0,463.0,1263.0,False
12,2026-07-04,800.0,463.0,1263.0,False
12,2026-07-05,800.0,56.0,856.0,False
12,2026-07-06,400.0,456.0,856.0,False
12,2026-07-07,400.0,456.0,856.0,False
12,2026-07-08,400.0,456.0,856.0,False
12,2026-07-09,400.0,456.0,856.0,False
12,2026-07-10,400.0,456.0,856.0,False
12,2026-07-11,400.0,456.0,856.0,False
12,2026-07-12,0.0,230.0,230.0,True
12,2026-07-13,0.0,230.0,230.0,True
12,2026-07-14,0.0,230.0,230.0,True
12,2026-07-15,0.0,230.0,230.0,True
12,2026-07-16,0.0,230.0,230.0,True
12,2026-07-17,0.0,230.0,230.0,True
12,2026-07-18,0.0,230.0,230.0,True
12,2026-07-19,600.0,259.0,859.0,False
12,2026-07-20,600.0,259.0,859.0,False
12,2026-07-21,600.0,259.0,859.0,False
12,2026-07-22,600.0,259.0,859.0,False
12,2026-07-23,600.0,259.0,859.0,False
13,2026-01-25,64.0,14.0,78.0,False
13,2026-01-26,64.0,14.0,78.0,False
13,2026-01-27,64.0,10.0,74.0,False
13,2026-01-28,64.0,7.0,71.0,False
13,2026-01-29,44.0,18.0,62.0,False
13,2026-01-30,44.0,10.0,54.0,False
13,2026-01-31,44.0,1.0,45.0,False
13,2026-02-01,24.0,14.0,38.0,False
13,2026-02-02,24.0,8.0,32.0,False
13,2026-02-03,24.0,6.0,30.0,False
13,2026-02-04,24.0,6.0,30.0,False
13,2026-02-05,4.0,14.0,18.0,False
13,2026-02-06,4.0,12.0,16.0,False
13,2026-02-07,4.0,8.0,12.0,True
13,2026-02-08,4.0,1.0,5.0,True
13,2026-02-09,26.0,12.0,38.0,False
13,2026-02-10,26.0,9.0,35.0,False
13,2026-02-11,26.0,4.0,30.0,False
13,2026-02-12,6.0,17.0,23.0,False
13,2026-02-13,6.0,10.0,16.0,False
13,2026-02-14,6.0,0.0,6.0,True
13,2026-02-15,28.0,12.0,40.0,False
13,2026-02-16,28.0,7.0,35.0,False
13,2026-02-17,28.0,0.0,28.0,False
13,2026-02-18,8.0,16.0,24.0,False
13,2026-02-19,8.0,13.0,21.0,False
13,2026-02-20,8.0,12.0,20.0,False
13,2026-02-21,8.0,2.0,10.0,True
13,2026-02-22,30.0,15.0,45.0,False
13,2026-02-23,30.0,12.0,42.0,False
13,2026-02-24,30.0,8.0,38.0,False
13,2026-02-25,30.0,4.0,34.0,False
13,2026-02-26,10.0,20.0,30.0,False
13,2026-02-27,10.0,17.0,27.0,False
13,2026-02-28,10.0,10.0,20.0,False
13,2026-03-01,10.0,2.0,12.0,True
13,2026-03-02,32.0,15.0,47.0,False
13,2026-03-03,32.0,10.0,42.0,False
13,2026-03-04,32.0,7.0,39.0,False
13,2026-03-05,32.0,0.0,32.0,False
13,2026-03-06,12.0,15.0,27.0,False
13,2026-03-07,12.0,11.0,23.0,False
13,2026-03-08,12.0,7.0,19.0,False
13,2026-03-09,12.0,7.0,19.0,False
13,2026-03-10,33.0,15.0,48.0,False
13,2026-03-11,33.0,12.0,45.0,False
13,2026-03-12,33.0,10.0,43.0,False
13,2026-03-13,33.0,4.0,37.0,False
13,2026-03-14,13.0,13.0,26.0,False
13,2026-03-15,13.0,7.0,20.0,False
13,2026-03-16,35.0,19.0,54.0,False
13,2026-03-17,35.0,15.0,50.0,False
13,2026-03-18,35.0,10.0,45.0,False
13,2026-03-19,35.0,5.0,40.0,False
13,2026-03-20,15.0,16.0,31.0,False
13,2026-03-21,15.0,10.0,25.0,False
13,2026-03-22,15.0,4.0,19.0,False
13,2026-03-23,37.0,14.0,51.0,False
13,2026-03-24,37.0,7.0,44.0,False
13,2026-03-25,37.0,3.0,40.0,False
13,2026-03-26,17.0,14.0,31.0,False
13,2026-03-27,17.0,11.0,28.0,False
13,2026-03-28,17.0,5.0,22.0,False
13,2026-03-29,17.0,2.0,19.0,False
13,2026-03-30,39.0,15.0,54.0,False
13,2026-03-31,39.0,8.0,47.0,False
13,2026-04-01,39.0,3.0,42.0,False
13,2026-04-02,19.0,19.0,38.0,False
13,2026-04-03,19.0,17.0,36.0,False
13,2026-04-04,19.0,14.0,33.0,False
13,2026-04-05,19.0,4.0,23.0,False
13,2026-04-06,41.0,18.0,59.0,False
13,2026-04-07,41.0,14.0,55.0,False
13,2026-04-08,41.0,2.0,43.0,False
13,2026-04-09,21.0,19.0,40.0,False
13,2026-04-10,21.0,15.0,36.0,False
13,2026-04-11,21.0,5.0,26.0,False
13,2026-04-12,1.0,19.0,20.0,False
13,2026-04-13,1.0,10.0,11.0,True
13,2026-04-14,1.0,8.0,9.0,True
13,2026-04-15,1.0,3.0,4.0,True
13,2026-04-16,23.0,15.0,38.0,False
13,2026-04-17,23.0,12.0,35.0,False
13,2026-04-18,3.0,18.0,21.0,False
13,2026-04-19,3.0,16.0,19.0,False
13,2026-04-20,3.0,16.0,19.0,False
13,2026-04-21,3.0,9.0,12.0,True
13,2026-04-22,25.0,9.0,34.0,False
13,2026-04-23,25.0,3.0,28.0,False
13,2026-04-24,5.0,19.0,24.0,False
13,2026-04-25,6.0,13.0,19.0,False
13,2026-04-26,6.0,8.0,14.0,True
13,2026-04-27,6.0,3.0,9.0,True
13,2026-04-28,28.0,17.0,45.0,False
13,2026-04-29,28.0,15.0,43.0,False
13,2026-04-30,28.0,1.0,29.0,False
13,2026-05-01,8.0,18.0,26.0,False
13,2026-05-02,8.0,6.0,14.0,True
13,2026-05-03,8.0,2.0,10.0,True
13,2026-05-04,30.0,14.0,44.0,False
13,2026-05-05,30.0,14.0,44.0,False
13,2026-05-06,30.0,14.0,44.0,False
13,2026-05-07,30.0,14.0,44.0,False
13,2026-05-08,30.0,0.0,30.0,False
13,2026-05-09,30.0,0.0,30.0,False
13,2026-05-10,10.0,11.0,21.0,False
13,2026-05-11,10.0,10.0,20.0,False
13,2026-05-12,10.0,8.0,18.0,False
13,2026-05-13,10.0,4.0,14.0,True
13,2026-05-14,32.0,18.0,50.0,False
13,2026-05-15,32.0,8.0,40.0,False
13,2026-05-16,12.0,19.0,31.0,False
13,2026-05-17,12.0,13.0,25.0,False
13,2026-05-18,12.0,10.0,22.0,False
13,2026-05-19,12.0,0.0,12.0,True
13,2026-05-20,34.0,18.0,52.0,False
13,2026-05-21,34.0,14.0,48.0,False
13,2026-05-22,34.0,10.0,44.0,False
13,2026-05-23,34.0,5.0,39.0,False
13,2026-05-24,14.0,11.0,25.0,False
13,2026-05-25,15.0,5.0,20.0,False
13,2026-05-26,15.0,1.0,16.0,False
13,2026-05-27,15.0,0.0,15.0,False
13,2026-05-28,37.0,14.0,51.0,False
13,2026-05-29,37.0,8.0,45.0,False
13,2026-05-30,17.0,18.0,35.0,False
13,2026-05-31,17.0,11.0,28.0,False
13,2026-06-01,17.0,3.0,20.0,False
13,2026-06-02,39.0,21.0,60.0,False
13,2026-06-03,39.0,15.0,54.0,False
13,2026-06-04,39.0,7.0,46.0,False
13,2026-06-05,39.0,0.0,39.0,False
13,2026-06-06,19.0,9.0,28.0,False
13,2026-06-07,41.0,17.0,58.0,False
13,2026-06-08,41.0,12.0,53.0,False
13,2026-06-09,41.0,11.0,52.0,False
13,2026-06-10,41.0,6.0,47.0,False
13,2026-06-11,21.0,15.0,36.0,False
13,2026-06-12,21.0,13.0,34.0,False
13,2026-06-13,21.0,1.0,22.0,False
13,2026-06-14,1.0,8.0,9.0,True
13,2026-06-15,1.0,5.0,6.0,True
13,2026-06-16,1.0,0.0,1.0,True
13,2026-06-17,23.0,15.0,38.0,False
13,2026-06-18,23.0,14.0,37.0,False
13,2026-06-19,23.0,7.0,30.0,False
13,2026-06-20,3.0,18.0,21.0,False
13,2026-06-21,3.0,8.0,11.0,True
13,2026-06-22,3.0,0.0,3.0,True
13,2026-06-23,25.0,12.0,37.0,False
13,2026-06-24,25.0,5.0,30.0,False
13,2026-06-25,5.0,19.0,24.0,False
13,2026-06-26,5.0,12.0,17.0,False
13,2026-06-27,27.0,19.0,46.0,False
13,2026-06-28,27.0,6.0,33.0,False
13,2026-06-29,7.0,14.0,21.0,False
13,2026-06-30,7.0,11.0,18.0,False
13,2026-07-01,7.0,8.0,15.0,False
13,2026-07-02,7.0,1.0,8.0,True
13,2026-07-03,29.0,10.0,39.0,False
13,2026-07-04,29.0,0.0,29.0,False
13,2026-07-05,9.0,9.0,18.0,False
13,2026-07-06,9.0,7.0,16.0,False
13,2026-07-07,9.0,3.0,12.0,True
13,2026-07-08,31.0,14.0,45.0,False
13,2026-07-09,31.0,4.0,35.0,False
13,2026-07-10,11.0,16.0,27.0,False
13,2026-07-11,11.0,5.0,16.0,False
13,2026-07-12,11.0,1.0,12.0,True
13,2026-07-13,33.0,9.0,42.0,False
13,2026-07-14,33.0,5.0,38.0,False
13,2026-07-15,33.0,3.0,36.0,False
13,2026-07-16,13.0,16.0,29.0,False
13,2026-07-17,13.0,10.0,23.0,False
13,2026-07-18,13.0,3.0,16.0,False
13,2026-07-19,35.0,16.0,51.0,False
13,2026-07-20,35.0,6.0,41.0,False
13,2026-07-21,15.0,19.0,34.0,False
13,2026-07-22,15.0,17.0,32.0,False
13,2026-07-23,15.0,14.0,29.0,False
14,2026-01-25,27.0,2.0,29.0,False
14,2026-01-26,15.0,10.0,25.0,False
14,2026-01-27,15.0,8.0,23.0,False
14,2026-01-28,15.0,5.0,20.0,False
14,2026-01-29,3.0,5.0,8.0,True
14,2026-01-30,31.0,8.0,39.0,False
14,2026-01-31,31.0,2.0,33.0,False
14,2026-02-01,19.0,12.0,31.0,False
14,2026-02-02,19.0,11.0,30.0,False
14,2026-02-03,19.0,9.0,28.0,False
14,2026-02-04,7.0,10.0,17.0,False
14,2026-02-05,7.0,10.0,17.0,False
14,2026-02-06,7.0,3.0,10.0,False
14,2026-02-07,35.0,10.0,45.0,False
14,2026-02-08,35.0,4.0,39.0,False
14,2026-02-09,35.0,1.0,36.0,False
14,2026-02-10,23.0,12.0,35.0,False
14,2026-02-11,23.0,11.0,34.0,False
14,2026-02-12,23.0,7.0,30.0,False
14,2026-02-13,11.0,9.0,20.0,False
14,2026-02-14,11.0,1.0,12.0,False
14,2026-02-15,39.0,9.0,48.0,False
14,2026-02-16,39.0,6.0,45.0,False
14,2026-02-17,27.0,7.0,34.0,False
14,2026-02-18,27.0,5.0,32.0,False
14,2026-02-19,27.0,3.0,30.0,False
14,2026-02-20,15.0,7.0,22.0,False
14,2026-02-21,15.0,0.0,15.0,False
14,2026-02-22,3.0,7.0,10.0,False
14,2026-02-23,3.0,5.0,8.0,True
14,2026-02-24,3.0,2.0,5.0,True
14,2026-02-25,31.0,11.0,42.0,False
14,2026-02-26,31.0,3.0,34.0,False
14,2026-02-27,31.0,1.0,32.0,False
14,2026-02-28,19.0,9.0,28.0,False
14,2026-03-01,19.0,4.0,23.0,False
14,2026-03-02,19.0,0.0,19.0,False
14,2026-03-03,7.0,9.0,16.0,False
14,2026-03-04,7.0,4.0,11.0,False
14,2026-03-05,7.0,1.0,8.0,True
14,2026-03-06,35.0,2.0,37.0,False
14,2026-03-07,23.0,11.0,34.0,False
14,2026-03-08,23.0,4.0,27.0,False
14,2026-03-09,23.0,3.0,26.0,False
14,2026-03-10,11.0,8.0,19.0,False
14,2026-03-11,11.0,2.0,13.0,False
14,2026-03-12,39.0,11.0,50.0,False
14,2026-03-13,39.0,8.0,47.0,False
14,2026-03-14,39.0,1.0,40.0,False
14,2026-03-15,27.0,6.0,33.0,False
14,2026-03-16,27.0,6.0,33.0,False
14,2026-03-17,27.0,0.0,27.0,False
14,2026-03-18,15.0,12.0,27.0,False
14,2026-03-19,15.0,11.0,26.0,False
14,2026-03-20,15.0,8.0,23.0,False
14,2026-03-21,3.0,7.0,10.0,False
14,2026-03-22,3.0,2.0,5.0,True
14,2026-03-23,31.0,12.0,43.0,False
14,2026-03-24,31.0,6.0,37.0,False
14,2026-03-25,31.0,4.0,35.0,False
14,2026-03-26,19.0,4.0,23.0,False
14,2026-03-27,7.0,8.0,15.0,False
14,2026-03-28,7.0,5.0,12.0,False
14,2026-03-29,7.0,0.0,7.0,True
14,2026-03-30,35.0,11.0,46.0,False
14,2026-03-31,35.0,10.0,45.0,False
14,2026-04-01,35.0,7.0,42.0,False
14,2026-04-02,23.0,7.0,30.0,False
14,2026-04-03,23.0,3.0,26.0,False
14,2026-04-04,11.0,6.0,17.0,False
14,2026-04-05,39.0,9.0,48.0,False
14,2026-04-06,39.0,7.0,46.0,False
14,2026-04-07,39.0,5.0,44.0,False
14,2026-04-08,27.0,8.0,35.0,False
14,2026-04-09,27.0,5.0,32.0,False
14,2026-04-10,27.0,0.0,27.0,False
14,2026-04-11,15.0,7.0,22.0,False
14,2026-04-12,15.0,2.0,17.0,False
14,2026-04-13,3.0,10.0,13.0,False
14,2026-04-14,3.0,6.0,9.0,True
14,2026-04-15,3.0,3.0,6.0,True
14,2026-04-16,31.0,11.0,42.0,False
14,2026-04-17,31.0,9.0,40.0,False
14,2026-04-18,19.0,11.0,30.0,False
14,2026-04-19,19.0,7.0,26.0,False
14,2026-04-20,19.0,6.0,25.0,False
14,2026-04-21,7.0,9.0,16.0,False
14,2026-04-22,7.0,7.0,14.0,False
14,2026-04-23,7.0,5.0,12.0,False
14,2026-04-24,35.0,10.0,45.0,False
14,2026-04-25,35.0,3.0,38.0,False
14,2026-04-26,23.0,11.0,34.0,False
14,2026-04-27,23.0,5.0,28.0,False
14,2026-04-28,23.0,2.0,25.0,False
14,2026-04-29,11.0,8.0,19.0,False
14,2026-04-30,11.0,5.0,16.0,False
14,2026-05-01,11.0,3.0,14.0,False
14,2026-05-02,39.0,8.0,47.0,False
14,2026-05-03,39.0,1.0,40.0,False
14,2026-05-04,27.0,11.0,38.0,False
14,2026-05-05,27.0,11.0,38.0,False
14,2026-05-06,27.0,11.0,38.0,False
14,2026-05-07,27.0,0.0,27.0,False
14,2026-05-08,27.0,0.0,27.0,False
14,2026-05-09,27.0,0.0,27.0,False
14,2026-05-10,15.0,3.0,18.0,False
14,2026-05-11,15.0,2.0,17.0,False
14,2026-05-12,3.0,11.0,14.0,False
14,2026-05-13,3.0,8.0,11.0,False
14,2026-05-14,3.0,7.0,10.0,False
14,2026-05-15,31.0,7.0,38.0,False
14,2026-05-16,31.0,3.0,34.0,False
14,2026-05-17,19.0,9.0,28.0,False
14,2026-05-18,19.0,7.0,26.0,False
14,2026-05-19,7.0,9.0,16.0,False
14,2026-05-20,7.0,7.0,14.0,False
14,2026-05-21,35.0,11.0,46.0,False
14,2026-05-22,35.0,5.0,40.0,False
14,2026-05-23,35.0,5.0,40.0,False
14,2026-05-24,23.0,7.0,30.0,False
14,2026-05-25,23.0,2.0,25.0,False
14,2026-05-26,11.0,9.0,20.0,False
14,2026-05-27,11.0,7.0,18.0,False
14,2026-05-28,11.0,3.0,14.0,False
14,2026-05-29,39.0,9.0,48.0,False
14,2026-05-30,27.0,10.0,37.0,False
14,2026-05-31,27.0,1.0,28.0,False
14,2026-06-01,15.0,11.0,26.0,False
14,2026-06-02,15.0,8.0,23.0,False
14,2026-06-03,15.0,5.0,20.0,False
14,2026-06-04,3.0,6.0,9.0,True
14,2026-06-05,31.0,7.0,38.0,False
14,2026-06-06,31.0,4.0,35.0,False
14,2026-06-07,31.0,0.0,31.0,False
14,2026-06-08,19.0,8.0,27.0,False
14,2026-06-09,19.0,6.0,25.0,False
14,2026-06-10,19.0,4.0,23.0,False
14,2026-06-11,7.0,11.0,18.0,False
14,2026-06-12,7.0,0.0,7.0,True
14,2026-06-13,35.0,3.0,38.0,False
14,2026-06-14,23.0,4.0,27.0,False
14,2026-06-15,23.0,0.0,23.0,False
14,2026-06-16,11.0,7.0,18.0,False
14,2026-06-17,11.0,6.0,17.0,False
14,2026-06-18,39.0,10.0,49.0,False
14,2026-06-19,39.0,3.0,42.0,False
14,2026-06-20,27.0,8.0,35.0,False
14,2026-06-21,27.0,1.0,28.0,False
14,2026-06-22,15.0,11.0,26.0,False
14,2026-06-23,15.0,10.0,25.0,False
14,2026-06-24,15.0,7.0,22.0,False
14,2026-06-25,3.0,7.0,10.0,False
14,2026-06-26,3.0,0.0,3.0,True
14,2026-06-27,31.0,3.0,34.0,False
14,2026-06-28,31.0,0.0,31.0,False
14,2026-06-29,19.0,11.0,30.0,False
14,2026-06-30,19.0,5.0,24.0,False
14,2026-07-01,7.0,10.0,17.0,False
14,2026-07-02,7.0,4.0,11.0,False
14,2026-07-03,7.0,0.0,7.0,True
14,2026-07-04,35.0,4.0,39.0,False
14,2026-07-05,23.0,11.0,34.0,False
14,2026-07-06,23.0,7.0,30.0,False
14,2026-07-07,23.0,6.0,29.0,False
14,2026-07-08,11.0,5.0,16.0,False
14,2026-07-09,11.0,0.0,11.0,False
14,2026-07-10,39.0,7.0,46.0,False
14,2026-07-11,39.0,0.0,39.0,False
14,2026-07-12,27.0,12.0,39.0,False
14,2026-07-13,27.0,10.0,37.0,False
14,2026-07-14,27.0,8.0,35.0,False
14,2026-07-15,15.0,8.0,23.0,False
14,2026-07-16,15.0,7.0,22.0,False
14,2026-07-17,15.0,7.0,22.0,False
14,2026-07-18,3.0,9.0,12.0,False
14,2026-07-19,3.0,1.0,4.0,True
14,2026-07-20,31.0,13.0,44.0,False
14,2026-07-21,31.0,11.0,42.0,False
14,2026-07-22,31.0,4.0,35.0,False
14,2026-07-23,19.0,7.0,26.0,False
15,2026-01-25,15.0,12.0,27.0,False
15,2026-01-26,15.0,5.0,20.0,False
15,2026-01-27,15.0,2.0,17.0,False
15,2026-01-28,0.0,17.0,17.0,False
15,2026-01-29,0.0,10.0,10.0,True
15,2026-01-30,0.0,8.0,8.0,True
15,2026-01-31,0.0,1.0,1.0,True
15,2026-02-01,15.0,15.0,30.0,False
15,2026-02-02,15.0,14.0,29.0,False
15,2026-02-03,15.0,9.0,24.0,False
15,2026-02-04,15.0,7.0,22.0,False
15,2026-02-05,15.0,5.0,20.0,False
15,2026-02-06,15.0,0.0,15.0,False
15,2026-02-07,0.0,11.0,11.0,True
15,2026-02-08,0.0,8.0,8.0,True
15,2026-02-09,0.0,7.0,7.0,True
15,2026-02-10,0.0,5.0,5.0,True
15,2026-02-11,0.0,3.0,3.0,True
15,2026-02-12,15.0,16.0,31.0,False
15,2026-02-13,15.0,12.0,27.0,False
15,2026-02-14,15.0,10.0,25.0,False
15,2026-02-15,15.0,3.0,18.0,False
15,2026-02-16,0.0,16.0,16.0,False
15,2026-02-17,0.0,13.0,13.0,False
15,2026-02-18,0.0,11.0,11.0,True
15,2026-02-19,0.0,7.0,7.0,True
15,2026-02-20,0.0,4.0,4.0,True
15,2026-02-21,0.0,0.0,0.0,True
15,2026-02-22,15.0,11.0,26.0,False
15,2026-02-23,15.0,10.0,25.0,False
15,2026-02-24,15.0,8.0,23.0,False
15,2026-02-25,14.0,5.0,19.0,False
15,2026-02-26,14.0,1.0,15.0,False
15,2026-02-27,29.0,14.0,43.0,False
15,2026-02-28,29.0,7.0,36.0,False
15,2026-03-01,29.0,4.0,33.0,False
15,2026-03-02,29.0,2.0,31.0,False
15,2026-03-03,14.0,13.0,27.0,False
15,2026-03-04,14.0,7.0,21.0,False
15,2026-03-05,14.0,4.0,18.0,False
15,2026-03-06,14.0,1.0,15.0,False
15,2026-03-07,29.0,8.0,37.0,False
15,2026-03-08,29.0,5.0,34.0,False
15,2026-03-09,29.0,3.0,32.0,False
15,2026-03-10,29.0,1.0,30.0,False
15,2026-03-11,14.0,14.0,28.0,False
15,2026-03-12,14.0,14.0,28.0,False
15,2026-03-13,14.0,14.0,28.0,False
15,2026-03-14,14.0,13.0,27.0,False
15,2026-03-15,14.0,11.0,25.0,False
15,2026-03-16,14.0,7.0,21.0,False
15,2026-03-17,14.0,3.0,17.0,False
15,2026-03-18,29.0,14.0,43.0,False
15,2026-03-19,29.0,11.0,40.0,False
15,2026-03-20,29.0,8.0,37.0,False
15,2026-03-21,29.0,4.0,33.0,False
15,2026-03-22,29.0,1.0,30.0,False
15,2026-03-23,14.0,14.0,28.0,False
15,2026-03-24,14.0,13.0,27.0,False
15,2026-03-25,13.0,7.0,20.0,False
15,2026-03-26,13.0,5.0,18.0,False
15,2026-03-27,13.0,0.0,13.0,False
15,2026-03-28,28.0,2.0,30.0,False
15,2026-03-29,13.0,9.0,22.0,False
15,2026-03-30,13.0,8.0,21.0,False
15,2026-03-31,13.0,6.0,19.0,False
15,2026-04-01,13.0,3.0,16.0,False
15,2026-04-02,28.0,14.0,42.0,False
15,2026-04-03,28.0,5.0,33.0,False
15,2026-04-04,13.0,14.0,27.0,False
15,2026-04-05,13.0,6.0,19.0,False
15,2026-04-06,28.0,11.0,39.0,False
15,2026-04-07,28.0,9.0,37.0,False
15,2026-04-08,28.0,4.0,32.0,False
15,2026-04-09,28.0,3.0,31.0,False
15,2026-04-10,13.0,15.0,28.0,False
15,2026-04-11,13.0,8.0,21.0,False
15,2026-04-12,13.0,3.0,16.0,False
15,2026-04-13,28.0,15.0,43.0,False
15,2026-04-14,28.0,10.0,38.0,False
15,2026-04-15,28.0,8.0,36.0,False
15,2026-04-16,28.0,2.0,30.0,False
15,2026-04-17,13.0,14.0,27.0,False
15,2026-04-18,13.0,5.0,18.0,False
15,2026-04-19,13.0,0.0,13.0,False
15,2026-04-20,28.0,13.0,41.0,False
15,2026-04-21,28.0,8.0,36.0,False
15,2026-04-22,28.0,8.0,36.0,False
15,2026-04-23,28.0,7.0,35.0,False
15,2026-04-24,28.0,5.0,33.0,False
15,2026-04-25,13.0,9.0,22.0,False
15,2026-04-26,13.0,3.0,16.0,False
15,2026-04-27,28.0,18.0,46.0,False
15,2026-04-28,28.0,12.0,40.0,False
15,2026-04-29,28.0,8.0,36.0,False
15,2026-04-30,28.0,4.0,32.0,False
15,2026-05-01,13.0,8.0,21.0,False
15,2026-05-02,13.0,0.0,13.0,False
15,2026-05-03,28.0,9.0,37.0,False
15,2026-05-04,28.0,7.0,35.0,False
15,2026-05-05,28.0,7.0,35.0,False
15,2026-05-06,28.0,7.0,35.0,False
15,2026-05-07,28.0,7.0,35.0,False
15,2026-05-08,28.0,7.0,35.0,False
15,2026-05-09,28.0,7.0,35.0,False
15,2026-05-10,28.0,4.0,32.0,False
15,2026-05-11,13.0,14.0,27.0,False
15,2026-05-12,13.0,9.0,22.0,False
15,2026-05-13,13.0,7.0,20.0,False
15,2026-05-14,13.0,0.0,13.0,False
15,2026-05-15,28.0,13.0,41.0,False
15,2026-05-16,28.0,6.0,34.0,False
15,2026-05-17,28.0,4.0,32.0,False
15,2026-05-18,28.0,3.0,31.0,False
15,2026-05-19,13.0,14.0,27.0,False
15,2026-05-20,13.0,11.0,24.0,False
15,2026-05-21,13.0,9.0,22.0,False
15,2026-05-22,13.0,5.0,18.0,False
15,2026-05-23,28.0,14.0,42.0,False
15,2026-05-24,28.0,2.0,30.0,False
15,2026-05-25,13.0,9.0,22.0,False
15,2026-05-26,13.0,5.0,18.0,False
15,2026-05-27,28.0,13.0,41.0,False
15,2026-05-28,28.0,12.0,40.0,False
15,2026-05-29,28.0,11.0,39.0,False
15,2026-05-30,28.0,3.0,31.0,False
15,2026-05-31,13.0,9.0,22.0,False
15,2026-06-01,13.0,6.0,19.0,False
15,2026-06-02,13.0,0.0,13.0,False
15,2026-06-03,28.0,14.0,42.0,False
15,2026-06-04,28.0,13.0,41.0,False
15,2026-06-05,28.0,7.0,35.0,False
15,2026-06-06,13.0,12.0,25.0,False
15,2026-06-07,13.0,7.0,20.0,False
15,2026-06-08,13.0,6.0,19.0,False
15,2026-06-09,13.0,3.0,16.0,False
15,2026-06-10,28.0,14.0,42.0,False
15,2026-06-11,28.0,9.0,37.0,False
15,2026-06-12,13.0,14.0,27.0,False
15,2026-06-13,13.0,11.0,24.0,False
15,2026-06-14,13.0,2.0,15.0,False
15,2026-06-15,28.0,15.0,43.0,False
15,2026-06-16,28.0,10.0,38.0,False
15,2026-06-17,28.0,2.0,30.0,False
15,2026-06-18,13.0,12.0,25.0,False
15,2026-06-19,13.0,10.0,23.0,False
15,2026-06-20,13.0,4.0,17.0,False
15,2026-06-21,13.0,4.0,17.0,False
15,2026-06-22,28.0,14.0,42.0,False
15,2026-06-23,28.0,5.0,33.0,False
15,2026-06-24,13.0,14.0,27.0,False
15,2026-06-25,13.0,13.0,26.0,False
15,2026-06-26,13.0,7.0,20.0,False
15,2026-06-27,13.0,3.0,16.0,False
15,2026-06-28,28.0,12.0,40.0,False
15,2026-06-29,28.0,8.0,36.0,False
15,2026-06-30,28.0,6.0,34.0,False
15,2026-07-01,28.0,3.0,31.0,False
15,2026-07-02,13.0,18.0,31.0,False
15,2026-07-03,13.0,15.0,28.0,False
15,2026-07-04,13.0,9.0,22.0,False
15,2026-07-05,13.0,2.0,15.0,False
15,2026-07-06,28.0,15.0,43.0,False
15,2026-07-07,28.0,9.0,37.0,False
15,2026-07-08,28.0,6.0,34.0,False
15,2026-07-09,28.0,5.0,33.0,False
15,2026-07-10,13.0,14.0,27.0,False
15,2026-07-11,13.0,3.0,16.0,False
15,2026-07-12,28.0,12.0,40.0,False
15,2026-07-13,28.0,11.0,39.0,False
15,2026-07-14,28.0,9.0,37.0,False
15,2026-07-15,28.0,2.0,30.0,False
15,2026-07-16,13.0,6.0,19.0,False
15,2026-07-17,13.0,4.0,17.0,False
15,2026-07-18,28.0,9.0,37.0,False
15,2026-07-19,28.0,3.0,31.0,False
15,2026-07-20,13.0,14.0,27.0,False
15,2026-07-21,13.0,10.0,23.0,False
15,2026-07-22,13.0,10.0,23.0,False
15,2026-07-23,13.0,9.0,22.0,False
16,2026-01-25,18.0,8.0,26.0,False
16,2026-01-26,18.0,5.0,23.0,False
16,2026-01-27,18.0,2.0,20.0,False
16,2026-01-28,6.0,12.0,18.0,False
16,2026-01-29,6.0,11.0,17.0,False
16,2026-01-30,6.0,8.0,14.0,False
16,2026-01-31,6.0,4.0,10.0,False
16,2026-02-01,6.0,1.0,7.0,True
16,2026-02-02,24.0,7.0,31.0,False
16,2026-02-03,24.0,5.0,29.0,False
16,2026-02-04,24.0,2.0,26.0,False
16,2026-02-05,12.0,12.0,24.0,False
16,2026-02-06,12.0,6.0,18.0,False
16,2026-02-07,12.0,0.0,12.0,False
16,2026-02-08,0.0,8.0,8.0,True
16,2026-02-09,0.0,6.0,6.0,True
16,2026-02-10,0.0,4.0,4.0,True
16,2026-02-11,0.0,4.0,4.0,True
16,2026-02-12,0.0,0.0,0.0,True
16,2026-02-13,18.0,9.0,27.0,False
16,2026-02-14,18.0,4.0,22.0,False
16,2026-02-15,6.0,10.0,16.0,False
16,2026-02-16,6.0,7.0,13.0,False
16,2026-02-17,6.0,7.0,13.0,False
16,2026-02-18,6.0,3.0,9.0,True
16,2026-02-19,24.0,6.0,30.0,False
16,2026-02-20,24.0,5.0,29.0,False
16,2026-02-21,24.0,0.0,24.0,False
16,2026-02-22,12.0,7.0,19.0,False
16,2026-02-23,12.0,7.0,19.0,False
16,2026-02-24,12.0,5.0,17.0,False
16,2026-02-25,12.0,1.0,13.0,False
16,2026-02-26,0.0,10.0,10.0,False
16,2026-02-27,0.0,6.0,6.0,True
16,2026-02-28,0.0,2.0,2.0,True
16,2026-03-01,18.0,12.0,30.0,False
16,2026-03-02,18.0,9.0,27.0,False
16,2026-03-03,18.0,9.0,27.0,False
16,2026-03-04,18.0,5.0,23.0,False
16,2026-03-05,18.0,2.0,20.0,False
16,2026-03-06,6.0,11.0,17.0,False
16,2026-03-07,6.0,11.0,17.0,False
16,2026-03-08,6.0,6.0,12.0,False
16,2026-03-09,6.0,3.0,9.0,True
16,2026-03-10,6.0,2.0,8.0,True
16,2026-03-11,24.0,12.0,36.0,False
16,2026-03-12,24.0,12.0,36.0,False
16,2026-03-13,24.0,8.0,32.0,False
16,2026-03-14,24.0,3.0,27.0,False
16,2026-03-15,12.0,10.0,22.0,False
16,2026-03-16,12.0,9.0,21.0,False
16,2026-03-17,12.0,7.0,19.0,False
16,2026-03-18,12.0,6.0,18.0,False
16,2026-03-19,12.0,4.0,16.0,False
16,2026-03-20,12.0,0.0,12.0,False
16,2026-03-21,0.0,6.0,6.0,True
16,2026-03-22,18.0,10.0,28.0,False
16,2026-03-23,18.0,5.0,23.0,False
16,2026-03-24,6.0,11.0,17.0,False
16,2026-03-25,6.0,11.0,17.0,False
16,2026-03-26,6.0,10.0,16.0,False
16,2026-03-27,6.0,9.0,15.0,False
16,2026-03-28,6.0,6.0,12.0,False
16,2026-03-29,6.0,3.0,9.0,True
16,2026-03-30,24.0,9.0,33.0,False
16,2026-03-31,24.0,6.0,30.0,False
16,2026-04-01,24.0,3.0,27.0,False
16,2026-04-02,12.0,10.0,22.0,False
16,2026-04-03,12.0,4.0,16.0,False
16,2026-04-04,12.0,0.0,12.0,False
16,2026-04-05,0.0,5.0,5.0,True
16,2026-04-06,0.0,4.0,4.0,True
16,2026-04-07,0.0,4.0,4.0,True
16,2026-04-08,18.0,10.0,28.0,False
16,2026-04-09,18.0,8.0,26.0,False
16,2026-04-10,17.0,4.0,21.0,False
16,2026-04-11,5.0,6.0,11.0,False
16,2026-04-12,5.0,0.0,5.0,True
16,2026-04-13,23.0,11.0,34.0,False
16,2026-04-14,23.0,7.0,30.0,False
16,2026-04-15,23.0,4.0,27.0,False
16,2026-04-16,23.0,2.0,25.0,False
16,2026-04-17,11.0,11.0,22.0,False
16,2026-04-18,11.0,6.0,17.0,False
16,2026-04-19,11.0,5.0,16.0,False
16,2026-04-20,29.0,9.0,38.0,False
16,2026-04-21,29.0,5.0,34.0,False
16,2026-04-22,29.0,2.0,31.0,False
16,2026-04-23,17.0,12.0,29.0,False
16,2026-04-24,17.0,7.0,24.0,False
16,2026-04-25,5.0,11.0,16.0,False
16,2026-04-26,5.0,7.0,12.0,False
16,2026-04-27,5.0,4.0,9.0,True
16,2026-04-28,5.0,1.0,6.0,True
16,2026-04-29,23.0,10.0,33.0,False
16,2026-04-30,23.0,7.0,30.0,False
16,2026-05-01,23.0,6.0,29.0,False
16,2026-05-02,23.0,2.0,25.0,False
16,2026-05-03,11.0,14.0,25.0,False
16,2026-05-04,11.0,12.0,23.0,False
16,2026-05-05,11.0,12.0,23.0,False
16,2026-05-06,11.0,12.0,23.0,False
16,2026-05-07,11.0,12.0,23.0,False
16,2026-05-08,11.0,12.0,23.0,False
16,2026-05-09,11.0,0.0,11.0,False
16,2026-05-10,29.0,7.0,36.0,False
16,2026-05-11,29.0,6.0,35.0,False
16,2026-05-12,29.0,1.0,30.0,False
16,2026-05-13,17.0,12.0,29.0,False
16,2026-05-14,17.0,11.0,28.0,False
16,2026-05-15,17.0,6.0,23.0,False
16,2026-05-16,17.0,5.0,22.0,False
16,2026-05-17,17.0,0.0,17.0,False
16,2026-05-18,5.0,10.0,15.0,False
16,2026-05-19,5.0,9.0,14.0,False
16,2026-05-20,5.0,7.0,12.0,False
16,2026-05-21,5.0,6.0,11.0,False
16,2026-05-22,5.0,5.0,10.0,False
16,2026-05-23,5.0,0.0,5.0,True
16,2026-05-24,23.0,5.0,28.0,False
16,2026-05-25,23.0,4.0,27.0,False
16,2026-05-26,23.0,4.0,27.0,False
16,2026-05-27,23.0,0.0,23.0,False
16,2026-05-28,11.0,10.0,21.0,False
16,2026-05-29,11.0,7.0,18.0,False
16,2026-05-30,11.0,5.0,16.0,False
16,2026-05-31,29.0,9.0,38.0,False
16,2026-06-01,29.0,0.0,29.0,False
16,2026-06-02,17.0,10.0,27.0,False
16,2026-06-03,17.0,6.0,23.0,False
16,2026-06-04,17.0,1.0,18.0,False
16,2026-06-05,5.0,12.0,17.0,False
16,2026-06-06,5.0,7.0,12.0,False
16,2026-06-07,5.0,6.0,11.0,False
16,2026-06-08,5.0,2.0,7.0,True
16,2026-06-09,23.0,5.0,28.0,False
16,2026-06-10,23.0,4.0,27.0,False
16,2026-06-11,23.0,1.0,24.0,False
16,2026-06-12,11.0,4.0,15.0,False
16,2026-06-13,29.0,11.0,40.0,False
16,2026-06-14,29.0,3.0,32.0,False
16,2026-06-15,29.0,0.0,29.0,False
16,2026-06-16,17.0,6.0,23.0,False
16,2026-06-17,5.0,11.0,16.0,False
16,2026-06-18,5.0,9.0,14.0,False
16,2026-06-19,5.0,8.0,13.0,False
16,2026-06-20,5.0,0.0,5.0,True
16,2026-06-21,23.0,5.0,28.0,False
16,2026-06-22,23.0,2.0,25.0,False
16,2026-06-23,11.0,12.0,23.0,False
16,2026-06-24,11.0,6.0,17.0,False
16,2026-06-25,11.0,5.0,16.0,False
16,2026-06-26,11.0,0.0,11.0,False
16,2026-06-27,29.0,7.0,36.0,False
16,2026-06-28,17.0,9.0,26.0,False
16,2026-06-29,17.0,5.0,22.0,False
16,2026-06-30,17.0,2.0,19.0,False
16,2026-07-01,5.0,12.0,17.0,False
16,2026-07-02,5.0,11.0,16.0,False
16,2026-07-03,5.0,0.0,5.0,True
16,2026-07-04,23.0,3.0,26.0,False
16,2026-07-05,11.0,10.0,21.0,False
16,2026-07-06,11.0,7.0,18.0,False
16,2026-07-07,11.0,4.0,15.0,False
16,2026-07-08,29.0,10.0,39.0,False
16,2026-07-09,29.0,9.0,38.0,False
16,2026-07-10,29.0,6.0,35.0,False
16,2026-07-11,17.0,5.0,22.0,False
16,2026-07-12,17.0,0.0,17.0,False
16,2026-07-13,5.0,6.0,11.0,False
16,2026-07-14,5.0,0.0,5.0,True
16,2026-07-15,23.0,10.0,33.0,False
16,2026-07-16,23.0,4.0,27.0,False
16,2026-07-17,11.0,8.0,19.0,False
16,2026-07-18,11.0,5.0,16.0,False
16,2026-07-19,11.0,1.0,12.0,False
16,2026-07-20,29.0,8.0,37.0,False
16,2026-07-21,29.0,4.0,33.0,False
16,2026-07-22,17.0,9.0,26.0,False
16,2026-07-23,17.0,5.0,22.0,False
17,2026-01-25,18.0,7.0,25.0,False
17,2026-01-26,18.0,4.0,22.0,False
17,2026-01-27,18.0,3.0,21.0,False
17,2026-01-28,18.0,3.0,21.0,False
17,2026-01-29,10.0,6.0,16.0,False
17,2026-01-30,10.0,5.0,15.0,False
17,2026-01-31,10.0,1.0,11.0,False
17,2026-02-01,2.0,7.0,9.0,False
17,2026-02-02,2.0,6.0,8.0,False
17,2026-02-03,2.0,5.0,7.0,True
17,2026-02-04,2.0,3.0,5.0,True
17,2026-02-05,7.0,7.0,14.0,False
17,2026-02-06,7.0,5.0,12.0,False
17,2026-02-07,7.0,3.0,10.0,False
17,2026-02-08,12.0,7.0,19.0,False
17,2026-02-09,12.0,3.0,15.0,False
17,2026-02-10,12.0,3.0,15.0,False
17,2026-02-11,12.0,1.0,13.0,False
17,2026-02-12,4.0,7.0,11.0,False
17,2026-02-13,4.0,5.0,9.0,False
17,2026-02-14,4.0,3.0,7.0,True
17,2026-02-15,4.0,3.0,7.0,True
17,2026-02-16,9.0,7.0,16.0,False
17,2026-02-17,9.0,4.0,13.0,False
17,2026-02-18,9.0,3.0,12.0,False
17,2026-02-19,9.0,3.0,12.0,False
17,2026-02-20,1.0,6.0,7.0,True
17,2026-02-21,1.0,2.0,3.0,True
17,2026-02-22,1.0,1.0,2.0,True
17,2026-02-23,6.0,7.0,13.0,False
17,2026-02-24,6.0,4.0,10.0,False
17,2026-02-25,6.0,1.0,7.0,True
17,2026-02-26,11.0,6.0,17.0,False
17,2026-02-27,11.0,5.0,16.0,False
17,2026-02-28,11.0,4.0,15.0,False
17,2026-03-01,11.0,1.0,12.0,False
17,2026-03-02,3.0,7.0,10.0,False
17,2026-03-03,3.0,7.0,10.0,False
17,2026-03-04,3.0,6.0,9.0,False
17,2026-03-05,3.0,3.0,6.0,True
17,2026-03-06,8.0,4.0,12.0,False
17,2026-03-07,8.0,2.0,10.0,False
17,2026-03-08,0.0,7.0,7.0,True
17,2026-03-09,0.0,5.0,5.0,True
17,2026-03-10,0.0,5.0,5.0,True
17,2026-03-11,0.0,2.0,2.0,True
17,2026-03-12,5.0,3.0,8.0,False
17,2026-03-13,5.0,3.0,8.0,False
17,2026-03-14,5.0,1.0,6.0,True
17,2026-03-15,10.0,4.0,14.0,False
17,2026-03-16,10.0,3.0,13.0,False
17,2026-03-17,10.0,0.0,10.0,False
17,2026-03-18,2.0,7.0,9.0,False
17,2026-03-19,2.0,6.0,8.0,False
17,2026-03-20,2.0,4.0,6.0,True
17,2026-03-21,2.0,0.0,2.0,True
17,2026-03-22,7.0,1.0,8.0,False
17,2026-03-23,12.0,6.0,18.0,False
17,2026-03-24,12.0,3.0,15.0,False
17,2026-03-25,13.0,3.0,16.0,False
17,2026-03-26,13.0,2.0,15.0,False
17,2026-03-27,5.0,5.0,10.0,False
17,2026-03-28,5.0,1.0,6.0,True
17,2026-03-29,10.0,8.0,18.0,False
17,2026-03-30,10.0,6.0,16.0,False
17,2026-03-31,10.0,4.0,14.0,False
17,2026-04-01,10.0,4.0,14.0,False
17,2026-04-02,2.0,6.0,8.0,False
17,2026-04-03,2.0,4.0,6.0,True
17,2026-04-04,2.0,2.0,4.0,True
17,2026-04-05,7.0,7.0,14.0,False
17,2026-04-06,7.0,4.0,11.0,False
17,2026-04-07,7.0,4.0,11.0,False
17,2026-04-08,7.0,3.0,10.0,False
17,2026-04-09,12.0,4.0,16.0,False
17,2026-04-10,12.0,3.0,15.0,False
17,2026-04-11,12.0,3.0,15.0,False
17,2026-04-12,12.0,2.0,14.0,False
17,2026-04-13,4.0,4.0,8.0,False
17,2026-04-14,4.0,3.0,7.0,True
17,2026-04-15,4.0,2.0,6.0,True
17,2026-04-16,4.0,1.0,5.0,True
17,2026-04-17,9.0,5.0,14.0,False
17,2026-04-18,9.0,2.0,11.0,False
17,2026-04-19,1.0,7.0,8.0,False
17,2026-04-20,1.0,6.0,7.0,True
17,2026-04-21,1.0,4.0,5.0,True
17,2026-04-22,1.0,2.0,3.0,True
17,2026-04-23,6.0,8.0,14.0,False
17,2026-04-24,6.0,4.0,10.0,False
17,2026-04-25,5.0,0.0,5.0,True
17,2026-04-26,10.0,1.0,11.0,False
17,2026-04-27,2.0,4.0,6.0,True
17,2026-04-28,7.0,7.0,14.0,False
17,2026-04-29,7.0,6.0,13.0,False
17,2026-04-30,7.0,2.0,9.0,False
17,2026-05-01,12.0,7.0,19.0,False
17,2026-05-02,12.0,5.0,17.0,False
17,2026-05-03,12.0,4.0,16.0,False
17,2026-05-04,12.0,3.0,15.0,False
17,2026-05-05,12.0,0.0,12.0,False
17,2026-05-06,12.0,0.0,12.0,False
17,2026-05-07,12.0,0.0,12.0,False
17,2026-05-08,12.0,0.0,12.0,False
17,2026-05-09,12.0,0.0,12.0,False
17,2026-05-10,3.0,0.0,3.0,True
17,2026-05-11,8.0,6.0,14.0,False
17,2026-05-12,8.0,4.0,12.0,False
17,2026-05-13,8.0,1.0,9.0,False
17,2026-05-14,0.0,7.0,7.0,True
17,2026-05-15,0.0,4.0,4.0,True
17,2026-05-16,0.0,2.0,2.0,True
17,2026-05-17,5.0,6.0,11.0,False
17,2026-05-18,5.0,3.0,8.0,False
17,2026-05-19,10.0,7.0,17.0,False
17,2026-05-20,10.0,6.0,16.0,False
17,2026-05-21,10.0,4.0,14.0,False
17,2026-05-22,10.0,3.0,13.0,False
17,2026-05-23,2.0,1.0,3.0,True
17,2026-05-24,7.0,0.0,7.0,True
17,2026-05-25,12.0,5.0,17.0,False
17,2026-05-26,12.0,4.0,16.0,False
17,2026-05-27,4.0,7.0,11.0,False
17,2026-05-28,4.0,5.0,9.0,False
17,2026-05-29,4.0,1.0,5.0,True
17,2026-05-30,9.0,5.0,14.0,False
17,2026-05-31,9.0,1.0,10.0,False
17,2026-06-01,1.0,9.0,10.0,False
17,2026-06-02,1.0,8.0,9.0,False
17,2026-06-03,1.0,6.0,7.0,True
17,2026-06-04,1.0,4.0,5.0,True
17,2026-06-05,6.0,5.0,11.0,False
17,2026-06-06,6.0,5.0,11.0,False
17,2026-06-07,6.0,0.0,6.0,True
17,2026-06-08,11.0,5.0,16.0,False
17,2026-06-09,11.0,3.0,14.0,False
17,2026-06-10,3.0,4.0,7.0,True
17,2026-06-11,8.0,6.0,14.0,False
17,2026-06-12,0.0,7.0,7.0,True
17,2026-06-13,0.0,1.0,1.0,True
17,2026-06-14,5.0,6.0,11.0,False
17,2026-06-15,5.0,4.0,9.0,False
17,2026-06-16,5.0,4.0,9.0,False
17,2026-06-17,5.0,2.0,7.0,True
17,2026-06-18,10.0,3.0,13.0,False
17,2026-06-19,10.0,1.0,11.0,False
17,2026-06-20,2.0,6.0,8.0,False
17,2026-06-21,2.0,4.0,6.0,True
17,2026-06-22,2.0,0.0,2.0,True
17,2026-06-23,7.0,7.0,14.0,False
17,2026-06-24,7.0,5.0,12.0,False
17,2026-06-25,7.0,3.0,10.0,False
17,2026-06-26,7.0,1.0,8.0,False
17,2026-06-27,12.0,5.0,17.0,False
17,2026-06-28,12.0,1.0,13.0,False
17,2026-06-29,4.0,4.0,8.0,False
17,2026-06-30,9.0,5.0,14.0,False
17,2026-07-01,9.0,3.0,12.0,False
17,2026-07-02,1.0,7.0,8.0,False
17,2026-07-03,1.0,4.0,5.0,True
17,2026-07-04,6.0,7.0,13.0,False
17,2026-07-05,6.0,0.0,6.0,True
17,2026-07-06,11.0,7.0,18.0,False
17,2026-07-07,11.0,2.0,13.0,False
17,2026-07-08,3.0,7.0,10.0,False
17,2026-07-09,3.0,3.0,6.0,True
17,2026-07-10,3.0,2.0,5.0,True
17,2026-07-11,8.0,6.0,14.0,False
17,2026-07-12,8.0,4.0,12.0,False
17,2026-07-13,8.0,3.0,11.0,False
17,2026-07-14,0.0,7.0,7.0,True
17,2026-07-15,5.0,7.0,12.0,False
17,2026-07-16,5.0,4.0,9.0,False
17,2026-07-17,10.0,6.0,16.0,False
17,2026-07-18,10.0,2.0,12.0,False
17,2026-07-19,2.0,6.0,8.0,False
17,2026-07-20,2.0,3.0,5.0,True
17,2026-07-21,2.0,2.0,4.0,True
17,2026-07-22,2.0,2.0,4.0,True
17,2026-07-23,7.0,3.0,10.0,False
18,2026-01-25,19.0,2.0,21.0,False
18,2026-01-26,11.0,7.0,18.0,False
18,2026-01-27,11.0,7.0,18.0,False
18,2026-01-28,11.0,6.0,17.0,False
18,2026-01-29,11.0,1.0,12.0,False
18,2026-01-30,3.0,4.0,7.0,True
18,2026-01-31,3.0,1.0,4.0,True
18,2026-02-01,8.0,7.0,15.0,False
18,2026-02-02,8.0,2.0,10.0,False
18,2026-02-03,8.0,0.0,8.0,False
18,2026-02-04,0.0,5.0,5.0,True
18,2026-02-05,0.0,3.0,3.0,True
18,2026-02-06,5.0,5.0,10.0,False
18,2026-02-07,5.0,1.0,6.0,True
18,2026-02-08,10.0,8.0,18.0,False
18,2026-02-09,10.0,7.0,17.0,False
18,2026-02-10,10.0,3.0,13.0,False
18,2026-02-11,10.0,0.0,10.0,False
18,2026-02-12,2.0,5.0,7.0,True
18,2026-02-13,2.0,1.0,3.0,True
18,2026-02-14,7.0,4.0,11.0,False
18,2026-02-15,7.0,2.0,9.0,False
18,2026-02-16,7.0,2.0,9.0,False
18,2026-02-17,7.0,2.0,9.0,False
18,2026-02-18,12.0,8.0,20.0,False
18,2026-02-19,12.0,7.0,19.0,False
18,2026-02-20,12.0,5.0,17.0,False
18,2026-02-21,12.0,2.0,14.0,False
18,2026-02-22,4.0,3.0,7.0,True
18,2026-02-23,4.0,2.0,6.0,True
18,2026-02-24,4.0,2.0,6.0,True
18,2026-02-25,8.0,5.0,13.0,False
18,2026-02-26,8.0,1.0,9.0,False
18,2026-02-27,8.0,0.0,8.0,False
18,2026-02-28,0.0,7.0,7.0,True
18,2026-03-01,0.0,5.0,5.0,True
18,2026-03-02,0.0,0.0,0.0,True
18,2026-03-03,5.0,6.0,11.0,False
18,2026-03-04,5.0,4.0,9.0,False
18,2026-03-05,5.0,4.0,9.0,False
18,2026-03-06,10.0,7.0,17.0,False
18,2026-03-07,10.0,3.0,13.0,False
18,2026-03-08,10.0,2.0,12.0,False
18,2026-03-09,2.0,7.0,9.0,False
18,2026-03-10,1.0,2.0,3.0,True
18,2026-03-11,1.0,0.0,1.0,True
18,2026-03-12,6.0,6.0,12.0,False
18,2026-03-13,6.0,4.0,10.0,False
18,2026-03-14,6.0,1.0,7.0,True
18,2026-03-15,11.0,5.0,16.0,False
18,2026-03-16,11.0,3.0,14.0,False
18,2026-03-17,11.0,1.0,12.0,False
18,2026-03-18,3.0,5.0,8.0,False
18,2026-03-19,3.0,4.0,7.0,True
18,2026-03-20,3.0,3.0,6.0,True
18,2026-03-21,3.0,0.0,3.0,True
18,2026-03-22,0.0,2.0,2.0,True
18,2026-03-23,5.0,7.0,12.0,False
18,2026-03-24,5.0,4.0,9.0,False
18,2026-03-25,5.0,0.0,5.0,True
18,2026-03-26,10.0,5.0,15.0,False
18,2026-03-27,10.0,0.0,10.0,False
18,2026-03-28,2.0,4.0,6.0,True
18,2026-03-29,2.0,2.0,4.0,True
18,2026-03-30,2.0,1.0,3.0,True
18,2026-03-31,7.0,8.0,15.0,False
18,2026-04-01,7.0,7.0,14.0,False
18,2026-04-02,7.0,5.0,12.0,False
18,2026-04-03,7.0,2.0,9.0,False
18,2026-04-04,12.0,6.0,18.0,False
18,2026-04-05,12.0,5.0,17.0,False
18,2026-04-06,12.0,0.0,12.0,False
18,2026-04-07,4.0,7.0,11.0,False
18,2026-04-08,4.0,5.0,9.0,False
18,2026-04-09,4.0,4.0,8.0,False
18,2026-04-10,4.0,2.0,6.0,True
18,2026-04-11,9.0,6.0,15.0,False
18,2026-04-12,1.0,7.0,8.0,False
18,2026-04-13,1.0,1.0,2.0,True
18,2026-04-14,6.0,9.0,15.0,False
18,2026-04-15,6.0,5.0,11.0,False
18,2026-04-16,6.0,0.0,6.0,True
18,2026-04-17,11.0,4.0,15.0,False
18,2026-04-18,3.0,6.0,9.0,False
18,2026-04-19,3.0,5.0,8.0,False
18,2026-04-20,3.0,0.0,3.0,True
18,2026-04-21,8.0,6.0,14.0,False
18,2026-04-22,8.0,5.0,13.0,False
18,2026-04-23,8.0,0.0,8.0,False
18,2026-04-24,0.0,2.0,2.0,True
18,2026-04-25,0.0,1.0,1.0,True
18,2026-04-26,5.0,5.0,10.0,False
18,2026-04-27,5.0,2.0,7.0,True
18,2026-04-28,5.0,0.0,5.0,True
18,2026-04-29,10.0,5.0,15.0,False
18,2026-04-30,10.0,2.0,12.0,False
18,2026-05-01,10.0,0.0,10.0,False
18,2026-05-02,2.0,3.0,5.0,True
18,2026-05-03,7.0,6.0,13.0,False
18,2026-05-04,7.0,4.0,11.0,False
18,2026-05-05,7.0,4.0,11.0,False
18,2026-05-06,7.0,4.0,11.0,False
18,2026-05-07,7.0,0.0,7.0,True
18,2026-05-08,7.0,0.0,7.0,True
18,2026-05-09,7.0,0.0,7.0,True
18,2026-05-10,11.0,4.0,15.0,False
18,2026-05-11,11.0,1.0,12.0,False
18,2026-05-12,3.0,8.0,11.0,False
18,2026-05-13,3.0,5.0,8.0,False
18,2026-05-14,3.0,3.0,6.0,True
18,2026-05-15,3.0,1.0,4.0,True
18,2026-05-16,8.0,3.0,11.0,False
18,2026-05-17,8.0,1.0,9.0,False
18,2026-05-18,0.0,5.0,5.0,True
18,2026-05-19,0.0,0.0,0.0,True
18,2026-05-20,5.0,6.0,11.0,False
18,2026-05-21,5.0,4.0,9.0,False
18,2026-05-22,5.0,3.0,8.0,False
18,2026-05-23,10.0,7.0,17.0,False
18,2026-05-24,10.0,3.0,13.0,False
18,2026-05-25,3.0,5.0,8.0,False
18,2026-05-26,3.0,3.0,6.0,True
18,2026-05-27,8.0,7.0,15.0,False
18,2026-05-28,8.0,4.0,12.0,False
18,2026-05-29,8.0,4.0,12.0,False
18,2026-05-30,8.0,0.0,8.0,False
18,2026-05-31,0.0,3.0,3.0,True
18,2026-06-01,5.0,4.0,9.0,False
18,2026-06-02,5.0,0.0,5.0,True
18,2026-06-03,10.0,5.0,15.0,False
18,2026-06-04,10.0,2.0,12.0,False
18,2026-06-05,2.0,3.0,5.0,True
18,2026-06-06,7.0,3.0,10.0,False
18,2026-06-07,12.0,4.0,16.0,False
18,2026-06-08,12.0,1.0,13.0,False
18,2026-06-09,4.0,7.0,11.0,False
18,2026-06-10,4.0,7.0,11.0,False
18,2026-06-11,4.0,7.0,11.0,False
18,2026-06-12,4.0,3.0,7.0,True
18,2026-06-13,9.0,0.0,9.0,False
18,2026-06-14,1.0,3.0,4.0,True
18,2026-06-15,6.0,7.0,13.0,False
18,2026-06-16,6.0,2.0,8.0,False
18,2026-06-17,11.0,5.0,16.0,False
18,2026-06-18,11.0,2.0,13.0,False
18,2026-06-19,3.0,7.0,10.0,False
18,2026-06-20,3.0,6.0,9.0,False
18,2026-06-21,3.0,3.0,6.0,True
18,2026-06-22,3.0,0.0,3.0,True
18,2026-06-23,8.0,3.0,11.0,False
18,2026-06-24,0.0,5.0,5.0,True
18,2026-06-25,5.0,6.0,11.0,False
18,2026-06-26,5.0,3.0,8.0,False
18,2026-06-27,10.0,0.0,10.0,False
18,2026-06-28,2.0,4.0,6.0,True
18,2026-06-29,7.0,6.0,13.0,False
18,2026-06-30,7.0,1.0,8.0,False
18,2026-07-01,12.0,8.0,20.0,False
18,2026-07-02,12.0,7.0,19.0,False
18,2026-07-03,12.0,2.0,14.0,False
18,2026-07-04,4.0,7.0,11.0,False
18,2026-07-05,4.0,1.0,5.0,True
18,2026-07-06,9.0,2.0,11.0,False
18,2026-07-07,9.0,0.0,9.0,False
18,2026-07-08,1.0,6.0,7.0,True
18,2026-07-09,1.0,1.0,2.0,True
18,2026-07-10,6.0,1.0,7.0,True
18,2026-07-11,11.0,6.0,17.0,False
18,2026-07-12,11.0,0.0,11.0,False
18,2026-07-13,3.0,7.0,10.0,False
18,2026-07-14,3.0,5.0,8.0,False
18,2026-07-15,3.0,3.0,6.0,True
18,2026-07-16,8.0,7.0,15.0,False
18,2026-07-17,8.0,1.0,9.0,False
18,2026-07-18,0.0,3.0,3.0,True
18,2026-07-19,5.0,6.0,11.0,False
18,2026-07-20,5.0,3.0,8.0,False
18,2026-07-21,10.0,4.0,14.0,False
18,2026-07-22,10.0,3.0,13.0,False
18,2026-07-23,10.0,1.0,11.0,False
19,2026-01-25,72.0,22.0,94.0,False
19,2026-01-26,72.0,16.0,88.0,False
19,2026-01-27,72.0,13.0,85.0,False
19,2026-01-28,72.0,12.0,84.0,False
19,2026-01-29,72.0,11.0,83.0,False
19,2026-01-30,72.0,11.0,83.0,False
19,2026-01-31,72.0,4.0,76.0,False
19,2026-02-01,48.0,26.0,74.0,False
19,2026-02-02,48.0,22.0,70.0,False
19,2026-02-03,48.0,19.0,67.0,False
19,2026-02-04,48.0,14.0,62.0,False
19,2026-02-05,48.0,9.0,57.0,False
19,2026-02-06,48.0,9.0,57.0,False
19,2026-02-07,48.0,5.0,53.0,False
19,2026-02-08,24.0,25.0,49.0,False
19,2026-02-09,24.0,23.0,47.0,False
19,2026-02-10,23.0,20.0,43.0,False
19,2026-02-11,23.0,19.0,42.0,False
19,2026-02-12,23.0,18.0,41.0,False
19,2026-02-13,23.0,16.0,39.0,False
19,2026-02-14,23.0,14.0,37.0,False
19,2026-02-15,23.0,9.0,32.0,False
19,2026-02-16,23.0,5.0,28.0,False
19,2026-02-17,47.0,25.0,72.0,False
19,2026-02-18,47.0,23.0,70.0,False
19,2026-02-19,47.0,20.0,67.0,False
19,2026-02-20,47.0,17.0,64.0,False
19,2026-02-21,47.0,16.0,63.0,False
19,2026-02-22,47.0,8.0,55.0,False
19,2026-02-23,47.0,5.0,52.0,False
19,2026-02-24,23.0,28.0,51.0,False
19,2026-02-25,22.0,26.0,48.0,False
19,2026-02-26,22.0,19.0,41.0,False
19,2026-02-27,22.0,17.0,39.0,False
19,2026-02-28,22.0,10.0,32.0,False
19,2026-03-01,22.0,3.0,25.0,False
19,2026-03-02,46.0,23.0,69.0,False
19,2026-03-03,46.0,19.0,65.0,False
19,2026-03-04,46.0,16.0,62.0,False
19,2026-03-05,46.0,10.0,56.0,False
19,2026-03-06,46.0,5.0,51.0,False
19,2026-03-07,22.0,23.0,45.0,False
19,2026-03-08,22.0,21.0,43.0,False
19,2026-03-09,22.0,17.0,39.0,False
19,2026-03-10,22.0,16.0,38.0,False
19,2026-03-11,22.0,11.0,33.0,False
19,2026-03-12,22.0,9.0,31.0,False
19,2026-03-13,22.0,9.0,31.0,False
19,2026-03-14,22.0,4.0,26.0,False
19,2026-03-15,46.0,24.0,70.0,False
19,2026-03-16,46.0,19.0,65.0,False
19,2026-03-17,46.0,17.0,63.0,False
19,2026-03-18,46.0,15.0,61.0,False
19,2026-03-19,46.0,11.0,57.0,False
19,2026-03-20,46.0,7.0,53.0,False
19,2026-03-21,46.0,5.0,51.0,False
19,2026-03-22,22.0,26.0,48.0,False
19,2026-03-23,22.0,18.0,40.0,False
19,2026-03-24,22.0,15.0,37.0,False
19,2026-03-25,22.0,8.0,30.0,False
19,2026-03-26,22.0,1.0,23.0,True
19,2026-03-27,46.0,17.0,63.0,False
19,2026-03-28,46.0,12.0,58.0,False
19,2026-03-29,46.0,11.0,57.0,False
19,2026-03-30,46.0,7.0,53.0,False
19,2026-03-31,46.0,5.0,51.0,False
19,2026-04-01,22.0,28.0,50.0,False
19,2026-04-02,22.0,26.0,48.0,False
19,2026-04-03,22.0,22.0,44.0,False
19,2026-04-04,22.0,20.0,42.0,False
19,2026-04-05,22.0,16.0,38.0,False
19,2026-04-06,22.0,15.0,37.0,False
19,2026-04-07,22.0,12.0,34.0,False
19,2026-04-08,22.0,11.0,33.0,False
19,2026-04-09,22.0,6.0,28.0,False
19,2026-04-10,22.0,0.0,22.0,True
19,2026-04-11,46.0,22.0,68.0,False
19,2026-04-12,46.0,16.0,62.0,False
19,2026-04-13,46.0,14.0,60.0,False
19,2026-04-14,46.0,13.0,59.0,False
19,2026-04-15,46.0,8.0,54.0,False
19,2026-04-16,46.0,7.0,53.0,False
19,2026-04-17,46.0,4.0,50.0,False
19,2026-04-18,22.0,23.0,45.0,False
19,2026-04-19,22.0,19.0,41.0,False
19,2026-04-20,22.0,17.0,39.0,False
19,2026-04-21,22.0,12.0,34.0,False
19,2026-04-22,22.0,11.0,33.0,False
19,2026-04-23,22.0,8.0,30.0,False
19,2026-04-24,22.0,6.0,28.0,False
19,2026-04-25,46.0,21.0,67.0,False
19,2026-04-26,46.0,20.0,66.0,False
19,2026-04-27,46.0,17.0,63.0,False
19,2026-04-28,46.0,16.0,62.0,False
19,2026-04-29,46.0,14.0,60.0,False
19,2026-04-30,46.0,11.0,57.0,False
19,2026-05-01,46.0,9.0,55.0,False
19,2026-05-02,46.0,4.0,50.0,False
19,2026-05-03,22.0,26.0,48.0,False
19,2026-05-04,22.0,23.0,45.0,False
19,2026-05-05,22.0,23.0,45.0,False
19,2026-05-06,22.0,23.0,45.0,False
19,2026-05-07,22.0,23.0,45.0,False
19,2026-05-08,22.0,23.0,45.0,False
19,2026-05-09,22.0,23.0,45.0,False
19,2026-05-10,22.0,22.0,44.0,False
19,2026-05-11,22.0,18.0,40.0,False
19,2026-05-12,22.0,14.0,36.0,False
19,2026-05-13,22.0,12.0,34.0,False
19,2026-05-14,22.0,11.0,33.0,False
19,2026-05-15,22.0,1.0,23.0,True
19,2026-05-16,46.0,24.0,70.0,False
19,2026-05-17,46.0,21.0,67.0,False
19,2026-05-18,46.0,20.0,66.0,False
19,2026-05-19,46.0,19.0,65.0,False
19,2026-05-20,46.0,15.0,61.0,False
19,2026-05-21,46.0,13.0,59.0,False
19,2026-05-22,46.0,12.0,58.0,False
19,2026-05-23,46.0,8.0,54.0,False
19,2026-05-24,46.0,4.0,50.0,False
19,2026-05-25,22.0,27.0,49.0,False
19,2026-05-26,22.0,27.0,49.0,False
19,2026-05-27,22.0,24.0,46.0,False
19,2026-05-28,22.0,18.0,40.0,False
19,2026-05-29,22.0,15.0,37.0,False
19,2026-05-30,22.0,15.0,37.0,False
19,2026-05-31,22.0,11.0,33.0,False
19,2026-06-01,22.0,8.0,30.0,False
19,2026-06-02,22.0,6.0,28.0,False
19,2026-06-03,22.0,5.0,27.0,False
19,2026-06-04,46.0,28.0,74.0,False
19,2026-06-05,46.0,20.0,66.0,False
19,2026-06-06,46.0,15.0,61.0,False
19,2026-06-07,46.0,15.0,61.0,False
19,2026-06-08,46.0,14.0,60.0,False
19,2026-06-09,46.0,14.0,60.0,False
19,2026-06-10,46.0,13.0,59.0,False
19,2026-06-11,46.0,10.0,56.0,False
19,2026-06-12,46.0,7.0,53.0,False
19,2026-06-13,46.0,7.0,53.0,False
19,2026-06-14,46.0,5.0,51.0,False
19,2026-06-15,22.0,27.0,49.0,False
19,2026-06-16,22.0,25.0,47.0,False
19,2026-06-17,22.0,25.0,47.0,False
19,2026-06-18,22.0,24.0,46.0,False
19,2026-06-19,22.0,21.0,43.0,False
19,2026-06-20,22.0,20.0,42.0,False
19,2026-06-21,22.0,19.0,41.0,False
19,2026-06-22,22.0,15.0,37.0,False
19,2026-06-23,22.0,13.0,35.0,False
19,2026-06-24,22.0,11.0,33.0,False
19,2026-06-25,21.0,8.0,29.0,False
19,2026-06-26,21.0,6.0,27.0,False
19,2026-06-27,21.0,2.0,23.0,True
19,2026-06-28,45.0,26.0,71.0,False
19,2026-06-29,45.0,25.0,70.0,False
19,2026-06-30,45.0,24.0,69.0,False
19,2026-07-01,45.0,23.0,68.0,False
19,2026-07-02,45.0,22.0,67.0,False
19,2026-07-03,45.0,19.0,64.0,False
19,2026-07-04,45.0,15.0,60.0,False
19,2026-07-05,45.0,15.0,60.0,False
19,2026-07-06,45.0,15.0,60.0,False
19,2026-07-07,45.0,15.0,60.0,False
19,2026-07-08,45.0,14.0,59.0,False
19,2026-07-09,45.0,12.0,57.0,False
19,2026-07-10,45.0,8.0,53.0,False
19,2026-07-11,45.0,7.0,52.0,False
19,2026-07-12,45.0,5.0,50.0,False
19,2026-07-13,21.0,28.0,49.0,False
19,2026-07-14,21.0,26.0,47.0,False
19,2026-07-15,21.0,20.0,41.0,False
19,2026-07-16,21.0,17.0,38.0,False
19,2026-07-17,21.0,16.0,37.0,False
19,2026-07-18,21.0,14.0,35.0,False
19,2026-07-19,21.0,14.0,35.0,False
19,2026-07-20,21.0,12.0,33.0,False
19,2026-07-21,21.0,10.0,31.0,False
19,2026-07-22,21.0,9.0,30.0,False
19,2026-07-23,21.0,9.0,30.0,False
20,2026-01-25,72.0,21.0,93.0,False
20,2026-01-26,72.0,18.0,90.0,False
20,2026-01-27,72.0,15.0,87.0,False
20,2026-01-28,72.0,11.0,83.0,False
20,2026-01-29,72.0,6.0,78.0,False
20,2026-01-30,72.0,5.0,77.0,False
20,2026-01-31,48.0,26.0,74.0,False
20,2026-02-01,48.0,17.0,65.0,False
20,2026-02-02,48.0,14.0,62.0,False
20,2026-02-03,48.0,8.0,56.0,False
20,2026-02-04,48.0,3.0,51.0,False
20,2026-02-05,24.0,24.0,48.0,False
20,2026-02-06,24.0,22.0,46.0,False
20,2026-02-07,24.0,16.0,40.0,False
20,2026-02-08,24.0,12.0,36.0,False
20,2026-02-09,24.0,11.0,35.0,False
20,2026-02-10,24.0,8.0,32.0,False
20,2026-02-11,24.0,2.0,26.0,False
20,2026-02-12,0.0,18.0,18.0,True
20,2026-02-13,0.0,12.0,12.0,True
20,2026-02-14,0.0,7.0,7.0,True
20,2026-02-15,0.0,3.0,3.0,True
20,2026-02-16,24.0,26.0,50.0,False
20,2026-02-17,24.0,22.0,46.0,False
20,2026-02-18,24.0,19.0,43.0,False
20,2026-02-19,24.0,18.0,42.0,False
20,2026-02-20,24.0,15.0,39.0,False
20,2026-02-21,24.0,11.0,35.0,False
20,2026-02-22,24.0,1.0,25.0,False
20,2026-02-23,0.0,20.0,20.0,True
20,2026-02-24,0.0,17.0,17.0,True
20,2026-02-25,0.0,15.0,15.0,True
20,2026-02-26,0.0,8.0,8.0,True
20,2026-02-27,0.0,5.0,5.0,True
20,2026-02-28,24.0,23.0,47.0,False
20,2026-03-01,24.0,20.0,44.0,False
20,2026-03-02,24.0,19.0,43.0,False
20,2026-03-03,24.0,17.0,41.0,False
20,2026-03-04,24.0,16.0,40.0,False
20,2026-03-05,24.0,14.0,38.0,False
20,2026-03-06,24.0,11.0,35.0,False
20,2026-03-07,24.0,8.0,32.0,False
20,2026-03-08,24.0,4.0,28.0,False
20,2026-03-09,0.0,26.0,26.0,False
20,2026-03-10,0.0,20.0,20.0,True
20,2026-03-11,0.0,15.0,15.0,True
20,2026-03-12,0.0,12.0,12.0,True
20,2026-03-13,0.0,10.0,10.0,True
20,2026-03-14,0.0,9.0,9.0,True
20,2026-03-15,0.0,8.0,8.0,True
20,2026-03-16,0.0,7.0,7.0,True
20,2026-03-17,0.0,4.0,4.0,True
20,2026-03-18,24.0,28.0,52.0,False
20,2026-03-19,24.0,27.0,51.0,False
20,2026-03-20,24.0,25.0,49.0,False
20,2026-03-21,24.0,12.0,36.0,False
20,2026-03-22,24.0,3.0,27.0,False
20,2026-03-23,0.0,22.0,22.0,True
20,2026-03-24,0.0,21.0,21.0,True
20,2026-03-25,0.0,19.0,19.0,True
20,2026-03-26,0.0,16.0,16.0,True
20,2026-03-27,0.0,8.0,8.0,True
20,2026-03-28,0.0,0.0,0.0,True
20,2026-03-29,24.0,21.0,45.0,False
20,2026-03-30,24.0,19.0,43.0,False
20,2026-03-31,24.0,18.0,42.0,False
20,2026-04-01,24.0,16.0,40.0,False
20,2026-04-02,24.0,14.0,38.0,False
20,2026-04-03,24.0,9.0,33.0,False
20,2026-04-04,24.0,5.0,29.0,False
20,2026-04-05,0.0,26.0,26.0,False
20,2026-04-06,0.0,24.0,24.0,False
20,2026-04-07,0.0,23.0,23.0,True
20,2026-04-08,0.0,23.0,23.0,True
20,2026-04-09,0.0,23.0,23.0,True
20,2026-04-10,0.0,21.0,21.0,True
20,2026-04-11,0.0,18.0,18.0,True
20,2026-04-12,0.0,10.0,10.0,True
20,2026-04-13,0.0,7.0,7.0,True
20,2026-04-14,0.0,6.0,6.0,True
20,2026-04-15,0.0,5.0,5.0,True
20,2026-04-16,24.0,24.0,48.0,False
20,2026-04-17,24.0,19.0,43.0,False
20,2026-04-18,24.0,9.0,33.0,False
20,2026-04-19,24.0,8.0,32.0,False
20,2026-04-20,24.0,7.0,31.0,False
20,2026-04-21,24.0,7.0,31.0,False
20,2026-04-22,24.0,5.0,29.0,False
20,2026-04-23,0.0,28.0,28.0,False
20,2026-04-24,0.0,25.0,25.0,False
20,2026-04-25,0.0,21.0,21.0,True
20,2026-04-26,0.0,12.0,12.0,True
20,2026-04-27,0.0,9.0,9.0,True
20,2026-04-28,0.0,7.0,7.0,True
20,2026-04-29,0.0,7.0,7.0,True
20,2026-04-30,0.0,6.0,6.0,True
20,2026-05-01,0.0,3.0,3.0,True
20,2026-05-02,24.0,18.0,42.0,False
20,2026-05-03,24.0,15.0,39.0,False
20,2026-05-04,24.0,14.0,38.0,False
20,2026-05-05,24.0,14.0,38.0,False
20,2026-05-06,24.0,14.0,38.0,False
20,2026-05-07,24.0,14.0,38.0,False
20,2026-05-08,24.0,14.0,38.0,False
20,2026-05-09,24.0,14.0,38.0,False
20,2026-05-10,24.0,11.0,35.0,False
20,2026-05-11,24.0,9.0,33.0,False
20,2026-05-12,24.0,8.0,32.0,False
20,2026-05-13,24.0,8.0,32.0,False
20,2026-05-14,24.0,6.0,30.0,False
20,2026-05-15,24.0,2.0,26.0,False
20,2026-05-16,0.0,23.0,23.0,True
20,2026-05-17,0.0,19.0,19.0,True
20,2026-05-18,0.0,18.0,18.0,True
20,2026-05-19,0.0,16.0,16.0,True
20,2026-05-20,0.0,10.0,10.0,True
20,2026-05-21,0.0,8.0,8.0,True
20,2026-05-22,0.0,7.0,7.0,True
20,2026-05-23,0.0,6.0,6.0,True
20,2026-05-24,0.0,0.0,0.0,True
20,2026-05-25,24.0,22.0,46.0,False
20,2026-05-26,24.0,22.0,46.0,False
20,2026-05-27,24.0,21.0,45.0,False
20,2026-05-28,24.0,18.0,42.0,False
20,2026-05-29,24.0,16.0,40.0,False
20,2026-05-30,24.0,10.0,34.0,False
20,2026-05-31,24.0,8.0,32.0,False
20,2026-06-01,24.0,7.0,31.0,False
20,2026-06-02,24.0,5.0,29.0,False
20,2026-06-03,0.0,28.0,28.0,False
20,2026-06-04,0.0,22.0,22.0,True
20,2026-06-05,0.0,16.0,16.0,True
20,2026-06-06,0.0,9.0,9.0,True
20,2026-06-07,0.0,7.0,7.0,True
20,2026-06-08,0.0,5.0,5.0,True
20,2026-06-09,24.0,28.0,52.0,False
20,2026-06-10,24.0,27.0,51.0,False
20,2026-06-11,24.0,26.0,50.0,False
20,2026-06-12,24.0,22.0,46.0,False
20,2026-06-13,24.0,20.0,44.0,False
20,2026-06-14,24.0,16.0,40.0,False
20,2026-06-15,24.0,15.0,39.0,False
20,2026-06-16,24.0,15.0,39.0,False
20,2026-06-17,24.0,11.0,35.0,False
20,2026-06-18,24.0,10.0,34.0,False
20,2026-06-19,24.0,8.0,32.0,False
20,2026-06-20,24.0,5.0,29.0,False
20,2026-06-21,0.0,27.0,27.0,False
20,2026-06-22,0.0,22.0,22.0,True
20,2026-06-23,0.0,19.0,19.0,True
20,2026-06-24,0.0,18.0,18.0,True
20,2026-06-25,0.0,16.0,16.0,True
20,2026-06-26,0.0,16.0,16.0,True
20,2026-06-27,0.0,16.0,16.0,True
20,2026-06-28,0.0,11.0,11.0,True
20,2026-06-29,0.0,9.0,9.0,True
20,2026-06-30,0.0,8.0,8.0,True
20,2026-07-01,0.0,4.0,4.0,True
20,2026-07-02,24.0,25.0,49.0,False
20,2026-07-03,24.0,24.0,48.0,False
20,2026-07-04,24.0,21.0,45.0,False
20,2026-07-05,24.0,17.0,41.0,False
20,2026-07-06,24.0,13.0,37.0,False
20,2026-07-07,24.0,12.0,36.0,False
20,2026-07-08,24.0,11.0,35.0,False
20,2026-07-09,24.0,8.0,32.0,False
20,2026-07-10,24.0,7.0,31.0,False
20,2026-07-11,24.0,6.0,30.0,False
20,2026-07-12,24.0,2.0,26.0,False
20,2026-07-13,0.0,25.0,25.0,False
20,2026-07-14,0.0,22.0,22.0,True
20,2026-07-15,0.0,17.0,17.0,True
20,2026-07-16,0.0,12.0,12.0,True
20,2026-07-17,0.0,10.0,10.0,True
20,2026-07-18,0.0,9.0,9.0,True
20,2026-07-19,0.0,4.0,4.0,True
20,2026-07-20,24.0,26.0,50.0,False
20,2026-07-21,24.0,26.0,50.0,False
20,2026-07-22,24.0,26.0,50.0,False
20,2026-07-23,24.0,22.0,46.0,False
